-- phpMyAdmin SQL Dump
-- version 5.2.1
-- https://www.phpmyadmin.net/
--
-- Hôte : 127.0.0.1
-- Généré le : lun. 24 mars 2025 à 14:20
-- Version du serveur : 10.4.32-MariaDB
-- Version de PHP : 8.2.12

SET SQL_MODE = "NO_AUTO_VALUE_ON_ZERO";
START TRANSACTION;
SET time_zone = "+00:00";


/*!40101 SET @OLD_CHARACTER_SET_CLIENT=@@CHARACTER_SET_CLIENT */;
/*!40101 SET @OLD_CHARACTER_SET_RESULTS=@@CHARACTER_SET_RESULTS */;
/*!40101 SET @OLD_COLLATION_CONNECTION=@@COLLATION_CONNECTION */;
/*!40101 SET NAMES utf8mb4 */;

--
-- Base de données : `test`
--

-- --------------------------------------------------------

--
-- Structure de la table `bons_commande`
--

CREATE TABLE `bons_commande` (
  `id` int(11) NOT NULL,
  `fournisseur_id` int(11) NOT NULL,
  `total_ht` float DEFAULT 0,
  `total_tva` float DEFAULT 0,
  `total_ttc` float DEFAULT 0,
  `statut` enum('en cours','terminé','annulé') DEFAULT 'en cours',
  `created_at` timestamp NOT NULL DEFAULT current_timestamp()
) ENGINE=InnoDB DEFAULT CHARSET=latin1 COLLATE=latin1_swedish_ci;

--
-- Déchargement des données de la table `bons_commande`
--

INSERT INTO `bons_commande` (`id`, `fournisseur_id`, `total_ht`, `total_tva`, `total_ttc`, `statut`, `created_at`) VALUES
(11, 2, 105.824, 0, 106.824, 'en cours', '2025-03-24 10:35:57');

-- --------------------------------------------------------

--
-- Structure de la table `bons_commande_details`
--

CREATE TABLE `bons_commande_details` (
  `id` int(11) NOT NULL,
  `bon_commande_id` int(11) NOT NULL,
  `produit_id` bigint(20) NOT NULL,
  `quantite` int(11) NOT NULL,
  `prix_unitaire` decimal(10,3) NOT NULL,
  `remise` decimal(10,3) DEFAULT 0.000,
  `sous_total` decimal(10,3) NOT NULL,
  `tva` int(11) NOT NULL
) ENGINE=InnoDB DEFAULT CHARSET=latin1 COLLATE=latin1_swedish_ci;

--
-- Déchargement des données de la table `bons_commande_details`
--

INSERT INTO `bons_commande_details` (`id`, `bon_commande_id`, `produit_id`, `quantite`, `prix_unitaire`, `remise`, `sous_total`, `tva`) VALUES
(5, 11, 3610340079986, 8, 13.228, 0.000, 105.824, 0);

-- --------------------------------------------------------

--
-- Structure de la table `bons_livraison`
--

CREATE TABLE `bons_livraison` (
  `id` int(11) NOT NULL,
  `client_id` int(11) NOT NULL,
  `total_ht` float DEFAULT 0,
  `total_tva` float DEFAULT 0,
  `total_ttc` float DEFAULT 0,
  `statut` enum('en cours','livré','retourné') DEFAULT 'en cours',
  `created_at` timestamp NOT NULL DEFAULT current_timestamp(),
  `statu` varchar(255) NOT NULL
) ENGINE=InnoDB DEFAULT CHARSET=latin1 COLLATE=latin1_swedish_ci;

--
-- Déchargement des données de la table `bons_livraison`
--

INSERT INTO `bons_livraison` (`id`, `client_id`, `total_ht`, `total_tva`, `total_ttc`, `statut`, `created_at`, `statu`) VALUES
(1, 1, 11.796, 0, 12.796, 'en cours', '2025-03-21 10:33:20', '');

-- --------------------------------------------------------

--
-- Structure de la table `bons_livraison_details`
--

CREATE TABLE `bons_livraison_details` (
  `id` int(11) NOT NULL,
  `bon_livraison_id` int(11) NOT NULL,
  `produit_id` bigint(20) NOT NULL,
  `quantite` int(11) NOT NULL,
  `prix_unitaire` decimal(10,3) NOT NULL,
  `remise` decimal(10,3) DEFAULT 0.000,
  `sous_total` decimal(10,3) NOT NULL,
  `tva` int(11) NOT NULL
) ENGINE=InnoDB DEFAULT CHARSET=latin1 COLLATE=latin1_swedish_ci;

--
-- Déchargement des données de la table `bons_livraison_details`
--

INSERT INTO `bons_livraison_details` (`id`, `bon_livraison_id`, `produit_id`, `quantite`, `prix_unitaire`, `remise`, `sous_total`, `tva`) VALUES
(1, 1, 3610340232411, 1, 11.796, 0.000, 11.796, 0);

-- --------------------------------------------------------

--
-- Structure de la table `clients`
--

CREATE TABLE `clients` (
  `id` int(11) NOT NULL,
  `nom` varchar(255) NOT NULL,
  `email` varchar(255) DEFAULT NULL,
  `telephone` varchar(20) DEFAULT NULL,
  `adresse` text DEFAULT NULL,
  `created_at` timestamp NOT NULL DEFAULT current_timestamp()
) ENGINE=InnoDB DEFAULT CHARSET=latin1 COLLATE=latin1_swedish_ci;

--
-- Déchargement des données de la table `clients`
--

INSERT INTO `clients` (`id`, `nom`, `email`, `telephone`, `adresse`, `created_at`) VALUES
(1, 'haroun\r\ndaoud', 'hama1daoud@gmail.com', '54178327', '14 rue megrine', '2025-03-18 10:35:28'),
(2, 'omar ben', 'haùld@dkmlsk.com', '542359896', 'megrine', '2025-03-24 09:04:32');

-- --------------------------------------------------------

--
-- Structure de la table `devis`
--

CREATE TABLE `devis` (
  `id` int(11) NOT NULL,
  `client_id` int(11) NOT NULL,
  `total_ht` float DEFAULT 0,
  `total_tva` float DEFAULT 0,
  `total_ttc` float DEFAULT 0,
  `statut` enum('en attente','accepté','refusé') DEFAULT 'en attente',
  `created_at` timestamp NOT NULL DEFAULT current_timestamp()
) ENGINE=InnoDB DEFAULT CHARSET=latin1 COLLATE=latin1_swedish_ci;

--
-- Déchargement des données de la table `devis`
--

INSERT INTO `devis` (`id`, `client_id`, `total_ht`, `total_tva`, `total_ttc`, `statut`, `created_at`) VALUES
(2, 1, 11.796, 0, 12.796, 'en attente', '2025-03-21 10:21:01'),
(3, 1, 11.796, 0, 12.796, 'en attente', '2025-03-21 10:22:27'),
(4, 1, 11.796, 0, 12.796, 'en attente', '2025-03-21 10:24:12'),
(10, 1, 11.796, 0, 12.796, 'en attente', '2025-03-21 11:31:14'),
(11, 2, 500.847, 4.85, 506.697, 'en attente', '2025-03-24 10:44:58');

-- --------------------------------------------------------

--
-- Structure de la table `devis_details`
--

CREATE TABLE `devis_details` (
  `id` int(11) NOT NULL,
  `devis_id` int(11) NOT NULL,
  `produit_id` bigint(20) NOT NULL,
  `quantite` int(11) NOT NULL,
  `prix_unitaire` decimal(10,3) NOT NULL,
  `remise` decimal(10,3) DEFAULT 0.000,
  `sous_total` decimal(10,3) NOT NULL,
  `tva` float NOT NULL
) ENGINE=InnoDB DEFAULT CHARSET=latin1 COLLATE=latin1_swedish_ci;

--
-- Déchargement des données de la table `devis_details`
--

INSERT INTO `devis_details` (`id`, `devis_id`, `produit_id`, `quantite`, `prix_unitaire`, `remise`, `sous_total`, `tva`) VALUES
(3, 4, 3610340232411, 1, 11.796, 0.000, 11.796, 0),
(4, 10, 3610340232411, 1, 11.796, 0.000, 11.796, 0),
(5, 11, 147852369, 1, 25.527, 0.000, 25.527, 19),
(6, 11, 4005900243485, 30, 15.844, 0.000, 475.320, 0);

-- --------------------------------------------------------

--
-- Structure de la table `factures`
--

CREATE TABLE `factures` (
  `id` int(11) NOT NULL,
  `client_id` int(11) NOT NULL,
  `total_ht` float DEFAULT 0,
  `total_tva` float DEFAULT 0,
  `total_ttc` float DEFAULT 0,
  `created_at` timestamp NOT NULL DEFAULT current_timestamp()
) ENGINE=InnoDB DEFAULT CHARSET=latin1 COLLATE=latin1_swedish_ci;

--
-- Déchargement des données de la table `factures`
--

INSERT INTO `factures` (`id`, `client_id`, `total_ht`, `total_tva`, `total_ttc`, `created_at`) VALUES
(68, 1, 11.796, 0, 12.796, '2025-03-21 11:30:45'),
(70, 1, 55.758, 8.353, 65.111, '2025-03-21 11:44:56'),
(71, 1, 32.966, 4.85, 38.816, '2025-03-24 11:46:12');

-- --------------------------------------------------------

--
-- Structure de la table `facture_details`
--

CREATE TABLE `facture_details` (
  `id` int(11) NOT NULL,
  `facture_id` int(11) NOT NULL,
  `produit_id` bigint(20) NOT NULL,
  `quantite` int(11) NOT NULL,
  `prix_unitaire` decimal(10,3) NOT NULL,
  `remise` decimal(10,3) DEFAULT 0.000,
  `sous_total` decimal(10,3) NOT NULL,
  `tva` float NOT NULL
) ENGINE=InnoDB DEFAULT CHARSET=latin1 COLLATE=latin1_swedish_ci;

--
-- Déchargement des données de la table `facture_details`
--

INSERT INTO `facture_details` (`id`, `facture_id`, `produit_id`, `quantite`, `prix_unitaire`, `remise`, `sous_total`, `tva`) VALUES
(67, 68, 3610340232411, 1, 11.796, 0.000, 11.796, 0),
(68, 70, 6192011813381, 1, 18.435, 0.000, 18.435, 19),
(69, 70, 3610340232411, 1, 11.796, 0.000, 11.796, 0),
(70, 70, 147852369, 1, 25.527, 0.000, 25.527, 19),
(71, 71, 6192006706162, 1, 7.439, 0.000, 7.439, 0),
(72, 71, 147852369, 1, 25.527, 0.000, 25.527, 19);

-- --------------------------------------------------------

--
-- Structure de la table `produits`
--

CREATE TABLE `produits` (
  `id` int(11) NOT NULL,
  `reference` varchar(255) NOT NULL,
  `code_barre` varchar(255) NOT NULL,
  `title` varchar(255) NOT NULL,
  `discount` varchar(255) DEFAULT '0.000',
  `quantity` int(11) NOT NULL DEFAULT 0,
  `tva` decimal(5,3) NOT NULL DEFAULT 19.000,
  `created_at` timestamp NOT NULL DEFAULT current_timestamp(),
  `prix_dachat` float NOT NULL,
  `marge_beneficier` decimal(5,3) NOT NULL,
  `prix_unitaire_ht` decimal(10,3) NOT NULL,
  `prix_unitaire_ttc` decimal(10,3) NOT NULL,
  `prix_vente_ht` float NOT NULL,
  `brand` varchar(255) DEFAULT NULL,
  `image_url` varchar(1024) DEFAULT NULL,
  `categorie` varchar(255) DEFAULT NULL,
  `gamme` varchar(255) DEFAULT NULL
) ENGINE=InnoDB DEFAULT CHARSET=utf8mb4 COLLATE=utf8mb4_general_ci;

--
-- Déchargement des données de la table `produits`
--

INSERT INTO `produits` (`id`, `reference`, `code_barre`, `title`, `discount`, `quantity`, `tva`, `created_at`, `prix_dachat`, `marge_beneficier`, `prix_unitaire_ht`, `prix_unitaire_ttc`, `prix_vente_ht`, `brand`, `image_url`, `categorie`, `gamme`) VALUES
(5193, '', '3610340232411', 'ULTRA DOUX SHP TRESORS DE MIEL', NULL, 1, 0.000, '2025-03-01 16:26:33', 9.074, 0.000, 11.796, 14.037, 0, '', NULL, NULL, NULL),
(5194, '', '3574669908115', 'JOHNSON LAIT 100 ML', NULL, 1, 0.000, '2025-03-01 16:26:33', 8.033, 0.000, 10.443, 12.427, 0, '', NULL, NULL, NULL),
(5195, '', '', 'MATERNA EDT BB', '0.000', 1, 19.000, '2025-03-01 16:26:33', 8.547, 0.000, 11.111, 13.222, 0, NULL, NULL, NULL, NULL),
(5196, '', '3610340079986', 'ULTRA DOUX AP SHP RICIN/AMANDE', NULL, 1, 0.000, '2025-03-01 16:26:33', 10.175, 0.000, 13.228, 15.741, 0, '', NULL, NULL, NULL),
(5197, '', '6192006706162', 'ROSALINE DISSOLVANT DOUX ROSE 100M', NULL, 7, 0.000, '2025-03-01 16:26:33', 5.722, 0.000, 7.439, 8.852, 0, '', NULL, NULL, NULL),
(5198, '', '147852369', 'LORAMEL SERUM CAPILLAIRE 50ML 5/1', '0.000', 7, 19.000, '2025-03-01 16:26:33', 19.636, 0.000, 25.527, 30.377, 0, NULL, NULL, NULL, NULL),
(5199, '', '4005900243485', 'NIVEA DEO HOMME PROTECT CARE', NULL, 1, 0.000, '2025-03-01 16:26:33', 12.188, 0.000, 15.844, 18.854, 0, '', NULL, NULL, NULL),
(5200, '', '5900017079721', 'NIVEA DEO HOMME INVI B&W', NULL, 1, 0.000, '2025-03-01 16:26:33', 12.188, 0.000, 15.844, 18.854, 0, '', NULL, NULL, NULL),
(5201, '', '3282779003124', 'AVENE EAU THERMALE 150ML', NULL, 3, 0.000, '2025-03-01 16:26:33', 21.852, 0.000, 28.408, 33.806, 0, '', NULL, NULL, NULL),
(5202, '', '3574669907668', 'JOHNSON SHP 200ML', NULL, 3, 0.000, '2025-03-01 16:26:33', 7.319, 0.000, 9.515, 11.323, 0, '', NULL, NULL, NULL),
(5203, '', '4005800181757', 'EUCERIN DERMOPURE GEL NET 200ML', NULL, 1, 0.000, '2025-03-01 16:26:33', 33.686, 0.000, 43.792, 52.112, 0, '', NULL, NULL, NULL),
(5204, '', '3760095253022', 'ACM BOREADE CL C.LAVANTE 200ML', NULL, 1, 0.000, '2025-03-01 16:26:33', 47.6, 0.000, 61.880, 73.637, 0, '', NULL, NULL, NULL),
(5205, '', '', 'LILAS PROTEGE SLIP NORMAL PARFUMEE', '0.000', 3, 19.000, '2025-03-01 16:26:33', 2.989, 0.000, 3.886, 4.624, 0, NULL, NULL, NULL, NULL),
(5206, '', '', 'LILAS PROTEGE SLIP NORMALB/20', '0.000', 3, 19.000, '2025-03-01 16:26:33', 2.848, 0.000, 3.702, 4.405, 0, NULL, NULL, NULL, NULL),
(5207, '', '4005800294839', 'EUCERIN HYALURON FILLER CONT YEUX 1', NULL, 1, 0.000, '2025-03-01 16:26:33', 69.881, 0.000, 90.845, 108.106, 0, '', NULL, NULL, NULL),
(5208, '', '3760095250168', 'ACM NOVOPHANE 60 GELULE 1/10', NULL, 1, 0.000, '2025-03-01 16:26:33', 47.6, 0.000, 61.880, 73.637, 0, '', NULL, NULL, NULL),
(5209, '', '4005800320712', 'EUCERIN ECRAN HYDRO PROTECT 50+', NULL, 1, 0.000, '2025-03-01 16:26:33', 60.064, 0.000, 78.083, 92.919, 0, '', NULL, NULL, NULL),
(5210, '', '', 'ALANIA ECRAN TEINTEE 02 50+', '0.000', 1, 19.000, '2025-03-01 16:26:33', 40.222, 0.000, 52.289, 62.224, 0, NULL, NULL, NULL, NULL),
(5211, '', '4005800147388', 'EUCERIN ECRAN PHOTOACING CONTROL', NULL, 1, 0.000, '2025-03-01 16:26:33', 65.339, 0.000, 84.941, 101.080, 0, '', NULL, NULL, NULL),
(5212, '', '6192482800279', 'ALANIA ECRAN TEINTEE 01 50+', NULL, 1, 0.000, '2025-03-01 16:26:33', 40.222, 0.000, 52.289, 62.224, 0, '', NULL, NULL, NULL),
(5213, '', '6192482800262', 'ALANIA ECRAN INVISIBLE 50+', NULL, 1, 0.000, '2025-03-01 16:26:33', 36.295, 0.000, 47.183, 56.148, 0, '', NULL, NULL, NULL),
(5214, '', '4005800295157', 'EUCERIN DERMOPURE FLUID PROTECTEU', NULL, 1, 0.000, '2025-03-01 16:26:33', 78.271, 0.000, 101.752, 121.085, 0, '', NULL, NULL, NULL),
(5215, '', '', 'JOHNSON LAIT 100 ML', '0.000', 2, 19.000, '2025-03-01 16:26:33', 8.033, 0.000, 10.443, 12.427, 0, NULL, NULL, NULL, NULL),
(5216, '', '3662361000937', 'SVR AMPOULE B 1010406', NULL, 1, 0.000, '2025-03-01 16:26:33', 107.587, 0.000, 139.863, 166.437, 0, '', NULL, NULL, NULL),
(5217, '', '3760095254654', 'ACM NOVOPHANE CPI/180', NULL, 1, 0.000, '2025-03-01 16:26:33', 107.1, 0.000, 139.230, 165.684, 0, '', NULL, NULL, NULL),
(5218, '', '3760095250205', 'ACM DEPIWHITE GEL CONTOUR DE L\'OEIL', NULL, 1, 0.000, '2025-03-01 16:26:33', 47, 0.000, 61.100, 72.709, 0, '', NULL, NULL, NULL),
(5219, '', '4005800323713', 'EUCERIN ANTI PIGMENT CONTOUR DES YE', NULL, 1, 0.000, '2025-03-01 16:26:33', 112.381, 0.000, 146.095, 173.853, 0, '', NULL, NULL, NULL),
(5220, '', '3401344502200', 'SVR CICAVIT+ 100ML 1024126', NULL, 1, 0.000, '2025-03-01 16:26:33', 44.643, 0.000, 58.036, 69.063, 0, '', NULL, NULL, NULL),
(5221, '', '3662361000920', 'SVR AMPOULE A 3% 1010406', NULL, 1, 0.000, '2025-03-01 16:26:33', 107.587, 0.000, 139.863, 166.437, 0, '', NULL, NULL, NULL),
(5222, '', '3760095250410', 'ACM NOVOPHANE SHP ENERGISANT', NULL, 1, 0.000, '2025-03-01 16:26:33', 36.08, 0.000, 46.904, 55.816, 0, '', NULL, NULL, NULL),
(5223, '', '3760095250106', 'ACM DEPIWHITE MASQUE ECLAIRCISSANT', NULL, 1, 0.000, '2025-03-01 16:26:33', 42.84, 0.000, 55.692, 66.273, 0, '', NULL, NULL, NULL),
(5224, '', '3760095252032', 'ACM DUOLYS CONTOUR DES YEUX', NULL, 1, 0.000, '2025-03-01 16:26:33', 53.55, 0.000, 69.615, 82.842, 0, '', NULL, NULL, NULL),
(5225, '', '3662361001842', 'SVR SENSIFINE HYDRA CREME 1027016', NULL, 1, 0.000, '2025-03-01 16:26:33', 44.5, 0.000, 57.850, 68.842, 0, '', NULL, NULL, NULL),
(5226, '', '3760095251929', 'ACM DEPIWHITE LAIT CORPS 500ML', NULL, 1, 0.000, '2025-03-01 16:26:33', 101.15, 0.000, 131.495, 156.479, 0, '', NULL, NULL, NULL),
(5227, '', '4005800119361', 'EUCERIN ECRAN OIL CONTROL SPF50+', NULL, 1, 0.000, '2025-03-01 16:26:33', 50.054, 0.000, 65.070, 77.433, 0, '', NULL, NULL, NULL),
(5228, '', '4005800065545', 'EUCERIN ECRAN SENSITIVE PROT SPF 50', NULL, 1, 0.000, '2025-03-01 16:26:33', 49.911, 0.000, 64.884, 77.212, 0, '', NULL, NULL, NULL),
(5229, '', '3282770204667', 'AVENE CICALFATE+ CREME 40ML', NULL, 7, 0.000, '2025-03-01 16:26:33', 30.37, 0.000, 39.481, 46.982, 0, '', NULL, NULL, NULL),
(5230, '', '', 'BAMBINI 1001 LINGETTE B/72', '0.000', 7, 19.000, '2025-03-01 16:26:33', 5.712, 0.000, 7.426, 8.837, 0, NULL, NULL, NULL, NULL),
(5231, '', '', 'GANTS NON STERILLE NITRIL L', '0.000', 2, 19.000, '2025-03-01 16:26:33', 14.375, 0.000, 18.688, 22.239, 0, NULL, NULL, NULL, NULL),
(5232, '', '', 'BEURER TENSIOMETRE DM40 BRAS+CHAR  ', '0.000', 1, 7.000, '2025-03-01 16:26:33', 120.558, 0.000, 156.725, 167.696, 0, NULL, NULL, NULL, NULL),
(5233, '', '3282770208795', 'AVENE HYDRANCE UV RICHE SPF30 40ML', NULL, 6, 0.000, '2025-03-01 16:26:33', 42.149, 0.000, 54.794, 65.205, 0, '', NULL, NULL, NULL),
(5234, '', '', 'R.C DEO 6785 ROLL\'ON DERAMTO 48H 40 ', '0.000', 1, 19.000, '2025-03-01 16:26:33', 26.353, 0.000, 34.259, 40.768, 0, NULL, NULL, NULL, NULL),
(5235, '', '3610340232503', 'ELSEVE SHP HUILE EXTRA NUTRITION IN', NULL, 1, 0.000, '2025-03-01 16:26:33', 10.948, 0.000, 14.232, 16.936, 0, '', NULL, NULL, NULL),
(5236, '', '3610340006500', 'ELSEVE AP SHP COLOR VIVE NUTRI FILT', NULL, 1, 0.000, '2025-03-01 16:26:33', 12.257, 0.000, 15.934, 18.961, 0, '', NULL, NULL, NULL),
(5237, '', '3610340655227', 'ELSEVE SHP HYALURON 200ML', NULL, 1, 0.000, '2025-03-01 16:26:33', 11.989, 0.000, 15.586, 18.547, 0, '', NULL, NULL, NULL),
(5238, '', '6192001603701', 'MOUSTICALM CREME', NULL, 13, 0.000, '2025-03-01 16:26:33', 3.606, 0.000, 4.688, 5.579, 0, '', NULL, NULL, NULL),
(5239, '', '5900717314634', 'LIRENE ECRAN LOT.PRO P.SENSIBLE 175', NULL, 1, 0.000, '2025-03-01 16:26:33', 35.549, 0.000, 46.214, 54.995, 0, '', NULL, NULL, NULL),
(5240, '', '', 'SVR TOPIALYSE CREME 400ML 1002137 ', '0.000', 1, 19.000, '2025-03-01 16:26:33', 53.007, 0.000, 68.909, 82.002, 0, NULL, NULL, NULL, NULL),
(5241, '', '3610340322389', 'ELSEVE SHP TOTAL REPAIR 5', NULL, 1, 0.000, '2025-03-01 16:26:33', 10.948, 0.000, 14.232, 16.936, 0, '', NULL, NULL, NULL),
(5242, '', '3610340653643', 'ELSEVE SHP DREAM LONG 72H', NULL, 1, 0.000, '2025-03-01 16:26:33', 10.948, 0.000, 14.232, 16.936, 0, '', NULL, NULL, NULL),
(5243, '', '8022297111339', 'ALFA PARF MASQUE CURLS 200ML', NULL, 1, 0.000, '2025-03-01 16:26:33', 25.954, 0.000, 28.353, 33.740, 0, '', NULL, NULL, NULL),
(5244, '', '8022297111230', 'ALFA PARF MASQUE SMOOTHING 200ML', NULL, 0, 0.000, '2025-03-01 16:26:33', 20, 30.000, 26.000, 30.940, 0, '', NULL, NULL, NULL),
(5245, '', '8022297064253', 'ALFA PARP SHP MOISTURE 250ML', NULL, 1, 0.000, '2025-03-01 16:26:33', 18.03, 0.000, 27.893, 33.193, 0, '', NULL, NULL, NULL),
(5246, '', '8022297152394', 'ALFA PARF SHP RECONSTRUCTION', NULL, 1, 0.000, '2025-03-01 16:26:33', 16, 0.000, 24.752, 29.455, 0, '', NULL, NULL, NULL),
(5247, '', '8022297111193', 'ALFA PARF SHP SMOOTH 250ML', NULL, 0, 0.000, '2025-03-01 16:26:33', 14.85, 0.000, 22.974, 27.339, 0, '', NULL, NULL, NULL),
(5248, '', '8022297111278', 'ALFA PARF SHP CURLS BOUCLE', NULL, 1, 0.000, '2025-03-01 16:26:33', 14.85, 0.000, 22.974, 27.339, 0, '', NULL, NULL, NULL),
(5249, '', '', 'AVENE ECRANT SPRAY SPF 50+ SP ', '0.000', 3, 19.000, '2025-03-01 16:26:33', 66.666, 0.000, 86.666, 103.133, 0, NULL, NULL, NULL, NULL),
(5250, '', '', 'AVENE ECRAN FLUID 50+1/6 ', '0.000', 1, 19.000, '2025-03-01 16:26:33', 48.074, 0.000, 62.496, 74.370, 0, NULL, NULL, NULL, NULL),
(5251, '', '', 'R.C H.I MYCOLEA 200ML R/2930 ', '0.000', 1, 19.000, '2025-03-01 16:26:33', 25.178, 0.000, 32.731, 38.950, 0, NULL, NULL, NULL, NULL),
(5252, '', '6192421124039', 'OLIGOVIT TRIO B/30', NULL, 7, 0.000, '2025-03-01 16:26:33', 23.191, 0.000, 30.148, 35.876, 0, '', NULL, NULL, NULL),
(5253, '', '6192421105274', 'VITAMINE D3 B/30', NULL, 7, 0.000, '2025-03-01 16:26:33', 15.994, 0.000, 20.792, 24.742, 0, '', NULL, NULL, NULL),
(5254, '', '', 'VITONIC TONUS+ ', '0.000', 7, 19.000, '2025-03-01 16:26:33', 24.142, 0.000, 31.385, 37.348, 0, NULL, NULL, NULL, NULL),
(5255, '', '6192421100491', 'MAGVIT CP/60', NULL, 3, 0.000, '2025-03-01 16:26:33', 13.914, 0.000, 18.088, 21.525, 0, '', NULL, NULL, NULL),
(5256, '', '', 'OMEVIE OMEGA 8-1000 ', '0.000', 6, 19.000, '2025-03-01 16:26:33', 27.989, 0.000, 36.386, 43.299, 0, NULL, NULL, NULL, NULL),
(5257, '', '', 'OMEVIE OMEGA 3-1000 ', '0.000', 1, 19.000, '2025-03-01 16:26:33', 0, 0.000, 0.000, 0.000, 0, NULL, NULL, NULL, NULL),
(5258, '', '', 'VITONIC TONUS ', '0.000', 7, 19.000, '2025-03-01 16:26:33', 16.511, 0.000, 21.464, 25.542, 0, NULL, NULL, NULL, NULL),
(5259, '', '', 'AKTIV VITAL YEUX ', '0.000', 1, 19.000, '2025-03-01 16:26:33', 27.695, 0.000, 36.003, 42.844, 0, NULL, NULL, NULL, NULL),
(5260, '', '', 'AKTIV ZINC+HISTIDINE+VITAMINE C ', '0.000', 1, 19.000, '2025-03-01 16:26:33', 28.329, 0.000, 36.828, 43.825, 0, NULL, NULL, NULL, NULL),
(5261, '', '', 'AKTIV CAPILVIT B/30 ', '0.000', 1, 19.000, '2025-03-01 16:26:33', 26.489, 0.000, 34.436, 40.979, 0, NULL, NULL, NULL, NULL),
(5262, '', '', 'BAMBINI 481 KIT REPAS 5 PIECE 6/1 ', '0.000', 1, 19.000, '2025-03-01 16:26:33', 28.155, 0.000, 36.602, 43.556, 0, NULL, NULL, NULL, NULL),
(5263, '', '4009932417319', 'AKTIV A-Z AFFERVESCENT B/15', NULL, 3, 0.000, '2025-03-01 16:26:33', 18.088, 0.000, 23.514, 27.982, 0, '', NULL, NULL, NULL),
(5264, '', '3760176600080', 'MATERNA LAIT DE TOILETTE BB', NULL, 2, 0.000, '2025-03-01 16:26:33', 7.862, 0.000, 10.221, 12.163, 0, '', NULL, NULL, NULL),
(5265, '', '', 'CHICCO TROUSSE NOURS NOUVEAU 7PCS ', '0.000', 1, 19.000, '2025-03-01 16:26:33', 111.839, 0.000, 145.391, 173.015, 0, NULL, NULL, NULL, NULL),
(5266, '', '3337871324582', 'VICHY DEO SPRAY', NULL, 3, 0.000, '2025-03-01 16:26:33', 32.725, 0.000, 42.542, 50.625, 0, '', NULL, NULL, NULL),
(5267, '', '3337871324001', 'VICHY DEO ROLL\'ON STRESS RESIST ROU', NULL, 3, 0.000, '2025-03-01 16:26:33', 35.105, 0.000, 45.636, 54.307, 0, '', NULL, NULL, NULL),
(5268, '', '3574661104041', 'JOHNSON E.D.C. DREAM 100ML', NULL, 3, 0.000, '2025-03-01 16:26:33', 7.616, 0.000, 9.901, 11.782, 0, '', NULL, NULL, NULL),
(5269, '', '3574669909358', 'JOHNSON SAVON GM 125ML', NULL, 3, 0.000, '2025-03-01 16:26:33', 4.403, 0.000, 5.724, 6.812, 0, '', NULL, NULL, NULL),
(5270, '', '3286011059436', 'BIOLANE TALC LIQUIDE', NULL, 1, 0.000, '2025-03-01 16:26:33', 19.755, 0.000, 25.681, 30.560, 0, '', NULL, NULL, NULL),
(5271, '', '3286011092310', 'BIOLANE CREME DE CHANGE 100ML', NULL, 1, 0.000, '2025-03-01 16:26:33', 18.981, 0.000, 24.675, 29.363, 0, '', NULL, NULL, NULL),
(5272, '', '8429449106234', 'NATURTINT CREME ANTI AGE 200ML', NULL, 1, 0.000, '2025-03-01 16:26:33', 15.251, 0.000, 23.594, 28.077, 0, '', NULL, NULL, NULL),
(5273, '', '8429449106203', 'NATURTINT CREME SILVER TEINTEE VIOL', NULL, 1, 0.000, '2025-03-01 16:26:33', 20.853, 0.000, 32.260, 38.389, 0, '', NULL, NULL, NULL),
(5274, '', '8429449106227', 'NATURTINT CREME DE CONDITIONNEMENT', NULL, 1, 0.000, '2025-03-01 16:26:33', 16.744, 0.000, 25.902, 30.823, 0, '', NULL, NULL, NULL),
(5275, '', '3337875549493', 'LRP.EFFACLAR DUO+ SPF30', NULL, 1, 0.000, '2025-03-01 16:26:33', 59.5, 0.000, 77.350, 92.047, 0, '', NULL, NULL, NULL),
(5276, '', '3337875548519', 'LRP.CICAPLAST GEL LAVANT 200ML', NULL, 1, 0.000, '2025-03-01 16:26:33', 42.84, 0.000, 55.692, 66.273, 0, '', NULL, NULL, NULL),
(5277, '', '3596490007218', 'R.C HI 7218 SECHERESSE 250ML *2 250', NULL, 1, 0.000, '2025-03-01 16:26:33', 38.53, 0.000, 50.089, 59.606, 0, '', NULL, NULL, NULL),
(5278, '', '3610340584398', 'ULTRA DOUX AP SHP HUILE AVOCAT', NULL, 1, 0.000, '2025-03-01 16:26:33', 10.175, 0.000, 13.228, 15.741, 0, '', NULL, NULL, NULL),
(5279, '', '3610340652370', 'ULTRA DOUX SHP CHARBON NOIR 200ML', NULL, 1, 0.000, '2025-03-01 16:26:33', 9.074, 0.000, 11.796, 14.037, 0, '', NULL, NULL, NULL),
(5280, 'NAT7N*10', '8429449106050', 'NATURTINT COLORATION PERMANENTE 7N BLOND NOISETTE 170ML', '0.000', 2, 19.000, '2025-03-01 17:11:09', 45.777, 0.000, 18.540, 28.681, 24.102, NULL, NULL, NULL, NULL),
(5281, 'NAT5.7*10', '8429449106166', 'NATURTINT COLORATION PERMANENTE 5.7 CHOCOLAT INTENSE 170ML', '0.000', 2, 19.000, '2025-03-01 17:11:09', 45.777, 0.000, 18.540, 28.681, 24.102, NULL, NULL, NULL, NULL),
(5282, 'NAT5M*10', '8429449106142', 'NATURTINT COLORATION PERMANENTE 5M CHATAIN CLAIR ACAJOU 170 ML', '0.000', 2, 19.000, '2025-03-01 17:11:09', 45.777, 0.000, 18.540, 28.681, 24.102, NULL, NULL, NULL, NULL),
(5283, 'NAT4G*10', '8429449106098', 'NATURTINT COLORATION PERMANENTE 4G CHATAIN DORE 170ML', '0.000', 2, 19.000, '2025-03-01 17:11:09', 45.777, 0.000, 18.540, 28.681, 24.102, NULL, NULL, NULL, NULL),
(5284, 'NAT9N*10', '8429449106074', 'NATURTINT COLORATION PERMANENTE 9N BLOND MIEL 170ML', '0.000', 3, 19.000, '2025-03-01 17:11:09', 45.777, 0.000, 12.360, 19.121, 16.068, NULL, NULL, NULL, NULL),
(5285, '6A*10', '3525722022309', '3CHENES COLOR 6A', '0.000', 2, 19.000, '2025-03-01 17:11:09', 64.065, 0.000, 25.946, 40.138, 33.7298, NULL, NULL, NULL, NULL),
(5286, '8A*10', '3525727539352', '3CHENES COLOR 8A', '0.000', 1, 19.000, '2025-03-01 17:11:09', 32.032, 0.000, 25.946, 40.138, 33.7298, NULL, NULL, NULL, NULL),
(5287, '7N*10', '3525727539307', '3CHENES COLOR 7N', '0.000', 1, 19.000, '2025-03-01 17:11:09', 32.032, 0.000, 25.946, 40.138, 33.7298, NULL, NULL, NULL, NULL),
(5288, '4M*10', '3525727539383', '3CHENES COLOR 4M', '0.000', 1, 19.000, '2025-03-01 17:11:09', 32.032, 0.000, 25.946, 40.138, 33.7298, NULL, NULL, NULL, NULL),
(5289, '6N*10', '3525727539345', '3CHENES COLOR 6N', '0.000', 1, 19.000, '2025-03-01 17:11:09', 32.032, 0.000, 25.946, 40.138, 33.7298, NULL, NULL, NULL, NULL),
(5290, '6B*10', '3525727539499', '3CHENES COLOR 6B', '0.000', 1, 19.000, '2025-03-01 17:11:09', 32.032, 0.000, 25.946, 40.138, 33.7298, NULL, NULL, NULL, NULL),
(5291, '8N*10', '3525727539314', '3CHENES COLOR 8N', '0.000', 1, 19.000, '2025-03-01 17:11:09', 32.032, 0.000, 25.946, 40.138, 33.7298, NULL, NULL, NULL, NULL),
(5292, '7M*0', '3525727539406', '3CHENES COLOR 7M', '0.000', 1, 19.000, '2025-03-01 17:11:09', 32.032, 0.000, 25.946, 40.138, 33.7298, NULL, NULL, NULL, NULL),
(5293, '11R*0', '3525720003935', '3CHENES COLOR 11R', '0.000', 1, 19.000, '2025-03-01 17:11:09', 30.911, 0.000, 25.038, 38.734, 32.5494, NULL, NULL, NULL, NULL),
(5294, '5N*10', '3525727539291', '3CHENES COLOR 5N', '0.000', 1, 19.000, '2025-03-01 17:11:09', 0, 0.000, 0.000, 0.000, 0, NULL, NULL, NULL, NULL),
(5295, 'CRETCLARY*5', '6192421301508', 'ESTH\'ELLE CLARYTEINT INVISIBLE 50GR', '0.000', 2, 19.000, '2025-03-01 17:11:09', 82.767, 0.000, 33.521, 51.857, 43.5773, NULL, NULL, NULL, NULL),
(5296, 'CRETCLARY1*6', '6192421301539', 'ESTH\'ELLE CLARYTEINT ROSE 50GR', '0.000', 2, 19.000, '2025-03-01 17:11:09', 93.563, 0.000, 37.893, 58.620, 49.2609, NULL, NULL, NULL, NULL),
(5297, 'CRETCLARYT*5', '6192421301522', 'ESTH\'ELLE CLARYTEINT BEIGE 50GR', '0.000', 3, 19.000, '2025-03-01 17:11:09', 93.563, 0.000, 25.262, 39.080, 32.8406, NULL, NULL, NULL, NULL),
(5298, 'ALLIAN004*0', '3760054880047', ' BIO TACHES TEINTE 50ML', '0.000', 2, 19.000, '2025-03-01 17:11:09', 109.48, 0.000, 44.339, 68.592, 57.6407, NULL, NULL, NULL, NULL),
(5299, '690016057*0', '8429420160576', 'ISDIN ECRAN OIL FUSION WATER COLOR MEDIUM 50+ 50ML', NULL, 1, 0.000, '2025-03-01 17:11:09', 43, 0.000, 41.448, 64.120, 53.8824, 'SVR', NULL, 'Visage', 'Anti-tâches dépigmentants'),
(5300, '8429420122635*0', '8429420122635', 'ISDIN ECRAN SPOT PREVENT SPF50+ 50ML', '0.000', 2, 19.000, '2025-03-01 17:11:09', 97.58, 0.000, 39.520, 61.137, 51.376, NULL, NULL, NULL, NULL),
(5301, '8429420160644*0', '', 'ISDIN EC ACTIVE UNIFY COLOR TEINTE 50+', '0.000', 2, 19.000, '2025-03-01 17:11:09', 111.86, 0.000, 45.303, 70.084, 58.8939, NULL, NULL, NULL, NULL),
(5302, '20206045*0', '8429420206045', 'ISDIN AGE REPAIR COLOR SPF 50 50ML', '0.000', 2, 19.000, '2025-03-01 17:11:09', 142.8, 0.000, 57.834, 89.469, 75.1842, NULL, NULL, NULL, NULL),
(5303, '65178515*0', '3661434008290', 'URIAGE HYSEAC SERUM PEAU NEUVE 40ML', '0.000', 1, 19.000, '2025-03-01 17:11:09', 42.222, 0.000, 34.200, 52.907, 44.46, NULL, NULL, NULL, NULL),
(5304, '65158189*0', '3661434002687', 'URIAGE DEODORANT DOUCEUR 50ML', '0.000', 1, 19.000, '2025-03-01 17:11:09', 27.407, 0.000, 22.200, 34.343, 28.86, NULL, NULL, NULL, NULL),
(5305, '245255*0', '3282770149074', 'AVENE FLUIDE 50+TRSB 50ML', '0.000', 1, 19.000, '2025-03-01 17:11:09', 46.667, 0.000, 37.800, 58.477, 49.14, NULL, NULL, NULL, NULL),
(5306, '149487*0', '3282770149487', 'AVENE CRM P.S SPF50+ FINI INVISIBLE 50ML', '0.000', 1, 19.000, '2025-03-01 17:11:09', 46.667, 0.000, 37.800, 58.477, 49.14, NULL, NULL, NULL, NULL),
(5307, '65180449*0', '3661434009198', 'URIAGE AGE ABSOLU MASQUE DE NUIT REDENSIFIANT 50ML', '0.000', 1, 19.000, '2025-03-01 17:11:09', 94.074, 0.000, 76.200, 117.881, 99.06, NULL, NULL, NULL, NULL),
(5308, '690026124*0', '8429420227590', 'ISDIN ACNIBEN FACIAL CLEANSER GEL 400ML', '0.000', 2, 19.000, '2025-03-01 17:11:09', 97.58, 0.000, 39.520, 61.137, 51.376, NULL, NULL, NULL, NULL),
(5309, '65163848*0', '3661434006098', 'URIAGE HYSEAC GEL NETTOYANT 500ML', '0.000', 1, 19.000, '2025-03-01 17:11:09', 64.444, 0.000, 52.200, 80.753, 67.86, NULL, NULL, NULL, NULL),
(5310, 'G75110*0', '6192001375110', 'CREME ECRAN ASTUS PRO SPF50 50ML', '0.000', 7, 19.000, '2025-03-01 17:11:09', 188.625, 0.000, 21.827, 33.766, 28.3751, NULL, NULL, NULL, NULL),
(5311, 'G75950*0', '6192001375950', 'ASTUS CREME VISAGE HYD PEAUX SECHE', '0.000', 7, 19.000, '2025-03-01 17:11:09', 92.106, 0.000, 10.658, 16.488, 13.8554, NULL, NULL, NULL, NULL),
(5312, 'GE5967*0', '6192001375967', 'ASTUS CREME VISAGE HYD ASTUS PEAU GRASS 50ML', '0.000', 7, 19.000, '2025-03-01 17:11:09', 85.68, 0.000, 9.914, 15.337, 12.8882, NULL, NULL, NULL, NULL),
(5313, '15001160*0', '3661434000508', 'URIAGE BARIEDERM CREME ISOLANTE 75ML', '0.000', 1, 19.000, '2025-03-01 17:11:09', 30, 0.000, 24.300, 37.592, 31.59, NULL, NULL, NULL, NULL),
(5314, '690013834*0', '8429420138346', 'ISDIN FLAVO-C MELATONIM 10U', '0.000', 1, 19.000, '2025-03-01 17:11:09', 93.415, 0.000, 75.666, 117.055, 98.3658, NULL, NULL, NULL, NULL),
(5315, 'GR00024*6', '6192421302161', 'COFFRET HYALUFACTOR AVEC ICE GLOBE', '0.000', 1, 19.000, '2025-03-01 17:11:09', 148.261, 0.000, 120.091, 185.781, 156.118, NULL, NULL, NULL, NULL),
(5316, 'GR00020*6', '6192421302130', 'COFFRET COLLAGENE AVEC KIT MASSAGE', '0.000', 1, 19.000, '2025-03-01 17:11:09', 161.215, 0.000, 130.584, 202.013, 169.759, NULL, NULL, NULL, NULL),
(5317, 'G77091*0', '6192001377091', 'ASTUS GEL CURL HAIR 200ML', '0.000', 7, 19.000, '2025-03-01 17:11:09', 77.826, 0.000, 9.006, 13.932, 11.7078, NULL, NULL, NULL, NULL),
(5318, 'FP10015*5', '211456553', 'COFFRET ESTH\'ELLE SAINT VALENTIN', '0.000', 1, 19.000, '2025-03-01 17:11:09', 93.563, 0.000, 75.786, 117.241, 98.5218, NULL, NULL, NULL, NULL),
(5319, '1004C16*0', '3662361001835', 'SVR SEBIACLEAR ACTIVE GEL  40 ML', '0.000', 2, 19.000, '2025-03-01 17:11:09', 78.633, 0.000, 31.846, 49.266, 41.3998, NULL, NULL, NULL, NULL),
(5320, 'SEB8133284*0', '3662361002726', 'SVR SEBIACLEAR CR MAT+PORES 40ML', '0.000', 1, 19.000, '2025-03-01 17:11:09', 36.221, 0.000, 29.339, 45.387, 38.1407, NULL, NULL, NULL, NULL),
(5321, 'SEB6016786*0', '3662361003594', 'SVR SEBIACLEAR HYDRA 40ML', '0.000', 2, 19.000, '2025-03-01 17:11:09', 73.016, 0.000, 29.571, 45.746, 38.4423, NULL, NULL, NULL, NULL),
(5322, '1004J46*0', '3662361003884', 'SVR SEBIACLEAR CREME LAVANTE RECHARGE 400ML', '0.000', 1, 19.000, '2025-03-01 17:11:09', 41.995, 0.000, 34.016, 52.623, 44.2208, NULL, NULL, NULL, NULL),
(5323, '1004246*0', '3662361003419', 'SVR SEBIACLEAR GEL MOUSSANT RECHARGE 400ML', '0.000', 3, 19.000, '2025-03-01 17:11:09', 122.237, 0.000, 33.004, 51.057, 42.9052, NULL, NULL, NULL, NULL),
(5324, '003372*0', '3662361003372', 'SVR SEBIACLEAR CRM LAVANTE 400ML', '0.000', 2, 19.000, '2025-03-01 17:11:09', 99.912, 0.000, 40.464, 62.598, 52.6032, NULL, NULL, NULL, NULL),
(5325, 'SEB8133278*0', '3662361003402', 'SVR SEBIACLEAR GEL MOUSSANT 400ML', '0.000', 3, 19.000, '2025-03-01 17:11:09', 136.01, 0.000, 36.723, 56.810, 47.7399, NULL, NULL, NULL, NULL),
(5326, 'SEB8133249*0', '3401381332495', 'SVR SEBIACLEAR EAU MICELLAIRE 400ML', '0.000', 2, 19.000, '2025-03-01 17:11:09', 75.044, 0.000, 30.393, 47.018, 39.5109, NULL, NULL, NULL, NULL),
(5327, '1004G16*0', '3662361002450', 'SVR AMPOULE FLASH  SEBIACLEAR AZ 30ML', '0.000', 2, 19.000, '2025-03-01 17:11:09', 146.034, 0.000, 59.144, 91.496, 76.8872, NULL, NULL, NULL, NULL),
(5328, 'T1002036*0', '3662361002115', 'SVR TOPIALYSE HUILE LAVANT 1L', '0.000', 1, 19.000, '2025-03-01 17:11:09', 107.957, 0.000, 43.723, 67.639, 56.8399, NULL, NULL, NULL, NULL),
(5329, '1029418-A*0', '', 'COFFRET AMPOULE A +BLUR', '0.000', 1, 19.000, '2025-03-01 17:11:09', 141.672, 0.000, 114.754, 177.524, 149.18, NULL, NULL, NULL, NULL),
(5330, 'T1002227*0', '3401360215832', 'SVR TOPIALYSE BAUME LAVANT 200ML', '0.000', 1, 19.000, '2025-03-01 17:11:09', 32.815, 0.000, 26.580, 41.119, 34.554, NULL, NULL, NULL, NULL),
(5331, 'T1002137*0', '3662361002443', 'SVR TOPIALYSE CREME 400ML', '0.000', 1, 19.000, '2025-03-01 17:11:09', 53.006, 0.000, 42.935, 66.420, 55.8155, NULL, NULL, NULL, NULL),
(5332, 'T8138152*0', '3401381381523', 'SVR TOPIALYSE CREME BARRIERE 50ML', '0.000', 1, 19.000, '2025-03-01 17:11:09', 26.508, 0.000, 21.471, 33.216, 27.9123, NULL, NULL, NULL, NULL),
(5333, 'E1029816*12', '3662361000203', 'SVR SUN SECURE ECRAN PEAUX NORMLE MIXTE  50 ML', '0.000', 1, 19.000, '2025-03-01 17:11:09', 51.535, 0.000, 41.743, 64.576, 54.2659, NULL, NULL, NULL, NULL),
(5334, 'E1029916*12', '3662361000197', 'SVR SUN SECURE ECRAN PEAUX SECHE 50ML', '0.000', 1, 19.000, '2025-03-01 17:11:09', 51.537, 0.000, 41.745, 64.580, 54.2685, NULL, NULL, NULL, NULL),
(5335, '1029S17*12', '3662361003174', 'SVR SUN SECURE BLUR TEINTE SPF 50+ 50ML', '0.000', 1, 19.000, '2025-03-01 17:11:09', 54.22, 0.000, 43.918, 67.941, 57.0934, NULL, NULL, NULL, NULL),
(5336, 'T8138198*12', '3401381381981', 'SVR TOPIALYSE MAINS 50ML', '0.000', 1, 19.000, '2025-03-01 17:11:09', 16.372, 0.000, 13.261, 20.515, 17.2393, NULL, NULL, NULL, NULL),
(5337, 'C1011527*12', '3401360315280', 'SVR CLAIRIAL CC CREME MEDIUM SPF50+', '0.000', 1, 19.000, '2025-03-01 17:11:09', 61.98, 0.000, 50.204, 77.666, 65.2652, NULL, NULL, NULL, NULL),
(5338, 'C1011816*0', '3662361000999', 'SVR CLAIRIAL NIGHT PEEL 50ML', '0.000', 1, 19.000, '2025-03-01 17:11:09', 93.398, 0.000, 75.652, 117.034, 98.3476, NULL, NULL, NULL, NULL),
(5339, '1031016*0', '3662361001224', 'SVR AMPOULE RELAX 15ML', '0.000', 1, 19.000, '2025-03-01 17:11:09', 78.615, 0.000, 63.678, 98.510, 82.7814, NULL, NULL, NULL, NULL),
(5340, 'E1029216*12', '3662361001729', 'SVR SUN SECURE FLUIDE SPF50+  50ML', '0.000', 1, 19.000, '2025-03-01 17:11:09', 51.551, 0.000, 41.756, 64.597, 54.2828, NULL, NULL, NULL, NULL),
(5341, 'LAB229*0', '3661467002296', 'NOVEXPERT LOTION PEELING', '0.000', 1, 19.000, '2025-03-01 17:11:09', 51.21, 0.000, 41.480, 64.170, 53.924, NULL, NULL, NULL, NULL),
(5342, 'NATSHAMP*0', '8429449106197', 'NATURTINT SHAMPOING SILVER TEINTE VIOLET 330ML', '0.000', 1, 19.000, '2025-03-01 17:11:09', 27.733, 0.000, 22.464, 34.752, 29.2032, NULL, NULL, NULL, NULL),
(5343, 'G75813*0', '6192001375813', 'ASTUS MOUSSE NETT ECLAIR WHITE INTENSE 150ML', '0.000', 2, 19.000, '2025-03-01 17:11:09', 23.197, 0.000, 9.395, 14.534, 12.2135, NULL, NULL, NULL, NULL),
(5344, 'GL22002*0', '3661467002739', 'NOVEXPERT COFFRET EXFOLIANT+MASQUE REPULP', '0.000', 1, 19.000, '2025-03-01 17:11:09', 71.852, 0.000, 58.200, 90.035, 75.66, NULL, NULL, NULL, NULL),
(5345, '42033*10', '6192432500457', 'DERMACARE HYDRALISS CREME RICHE 50ML', '0.000', 1, 19.000, '2025-03-01 17:11:09', 30.216, 0.000, 24.475, 37.863, 31.8175, NULL, NULL, NULL, NULL),
(5346, '43002*10', '6192432500693', 'DERMACARE HYDRALISS SAVON 130G', '0.000', 1, 19.000, '2025-03-01 17:11:09', 13.709, 0.000, 11.104, 17.178, 14.4352, NULL, NULL, NULL, NULL),
(5347, 'LAB214*0', '3661467001619', 'NOVEXPERT CREM PEELING DE NUIT', '0.000', 1, 19.000, '2025-03-01 17:11:09', 67.557, 0.000, 54.721, 84.653, 71.1373, NULL, NULL, NULL, NULL),
(5348, 'LAB234E*0', '3661467000667', 'NOVEXPERT CONTOUR DES YEUX LIFTING VIT C', '0.000', 1, 19.000, '2025-03-01 17:11:09', 64.179, 0.000, 51.985, 80.421, 67.5805, NULL, NULL, NULL, NULL),
(5349, 'LAB220X*0', '3661467000575', 'NOVEXPERT GEL PURETE', '0.000', 1, 19.000, '2025-03-01 17:11:09', 45.542, 0.000, 36.889, 57.067, 47.9557, NULL, NULL, NULL, NULL),
(5350, 'FID-329*0', '7649990771540', 'FIDERMA HYDRAFID CREME HYDRATANTE 50ML', '0.000', 1, 19.000, '2025-03-01 17:11:09', 45.41, 0.000, 36.782, 56.902, 47.8166, NULL, NULL, NULL, NULL),
(5351, 'FID-312*0', '7649990771229', 'FIDERMA ACNEFID GEL PURIFIANT 200ML', '0.000', 1, 19.000, '2025-03-01 17:11:09', 48.438, 0.000, 39.235, 60.697, 51.0055, NULL, NULL, NULL, NULL),
(5352, '00815*10', '6192432500815', 'DERMACARE PHOTOSUN CREME MEN 50ML', '0.000', 2, 19.000, '2025-03-01 17:11:09', 83.609, 0.000, 33.862, 52.385, 44.0206, NULL, NULL, NULL, NULL),
(5353, '00594*10', '6192432500594', 'DERMACARE PHOTOSUN 02 FLUIDE PG', '0.000', 4, 19.000, '2025-03-01 17:11:09', 196.112, 0.000, 39.713, 61.436, 51.6269, NULL, NULL, NULL, NULL),
(5354, '00846*0', '6192432500846', 'DERMACARE PHOTOSUN CREME T.P 50ML', '0.000', 5, 19.000, '2025-03-01 17:11:09', 167.219, 0.000, 27.089, 41.907, 35.2157, NULL, NULL, NULL, NULL),
(5355, '41017*0', '6192432500716', 'DERMACARE PURENET SKIN MOUSSE 150ML', '0.000', 2, 19.000, '2025-03-01 17:11:09', 62.147, 0.000, 25.170, 38.938, 32.721, NULL, NULL, NULL, NULL),
(5356, '00242*10', '6192432500242', 'MURIAC LIGHTACT SERUM INTENSIF 30ML', '0.000', 2, 19.000, '2025-03-01 17:11:09', 167.247, 0.000, 67.735, 104.786, 88.0555, NULL, NULL, NULL, NULL),
(5357, 'P2040*0', '3701436918231', 'PHYTOCYANE-MEN 12*3.5ML', '0.000', 1, 19.000, '2025-03-01 17:11:09', 127.488, 0.000, 103.265, 159.751, 134.245, NULL, NULL, NULL, NULL),
(5358, '23574654684*0', '3401575645851', 'BIODERMA SEBIUM H2O EAU MICELLAIRE FLACON 500ML', '0.000', 1, 19.000, '2025-03-01 17:11:09', 36.557, 0.000, 29.611, 45.808, 38.4943, NULL, NULL, NULL, NULL),
(5359, '28709X*0', '3401345935571', 'BIODERMA SENSIBIO H2O FLACON 500ML', '0.000', 1, 19.000, '2025-03-01 17:11:09', 36.557, 0.000, 29.611, 45.808, 38.4943, NULL, NULL, NULL, NULL),
(5360, 'DER00014*0', '3401572288297', 'BIODERMA SEBIUM H2O FLACON EAU MICELL 250ML', '0.000', 1, 19.000, '2025-03-01 17:11:09', 27.989, 0.000, 22.671, 35.072, 29.4723, NULL, NULL, NULL, NULL),
(5361, '25746812*0', '3401575390447', 'BIODERMA SENSIBIO H2O SOLUT MICELL 250 M', '0.000', 1, 19.000, '2025-03-01 17:11:09', 27.989, 0.000, 22.671, 35.072, 29.4723, NULL, NULL, NULL, NULL),
(5362, '28916*0', '3701129800102', 'BIODERMA PIGMENTBIO H2O FLACON 250ML', '0.000', 1, 19.000, '2025-03-01 17:11:09', 27.989, 0.000, 22.671, 35.072, 29.4723, NULL, NULL, NULL, NULL),
(5363, 'DER0122*0', '3401399694127', 'BIODERMA HYDRABIO H2O 250ML', '0.000', 1, 19.000, '2025-03-01 17:11:09', 27.989, 0.000, 22.671, 35.072, 29.4723, NULL, NULL, NULL, NULL),
(5364, 'DER00111*0', '3401560936988', 'BIODERMA ATODERM INTENSIVE GEL MOUSSANT P/S TUBE 200ML', '0.000', 2, 19.000, '2025-03-01 17:11:09', 47.981, 0.000, 19.432, 30.061, 25.2616, NULL, NULL, NULL, NULL),
(5365, 'L1275A*0', '3508240014087', 'COFFRET LIERAC (HOMME)', NULL, 1, 0.000, '2025-03-01 17:11:09', 115.691, 0.000, 93.710, 144.969, 121.823, '', NULL, NULL, NULL),
(5366, '3701129802083*0', '3701129802083', 'BIODERMA ATODERM INTENSIVE BAUME P/S 75ML', '0.000', 2, 19.000, '2025-03-01 17:11:09', 63.974, 0.000, 25.909, 40.081, 33.6817, NULL, NULL, NULL, NULL),
(5367, 'DER0051*0', '3701129805329', 'BIODERMA ATODERM CREME ULTRA-NOURRISANT', '0.000', 1, 19.000, '2025-03-01 17:11:09', 35.414, 0.000, 28.685, 44.376, 37.2905, NULL, NULL, NULL, NULL),
(5368, 'DER0148*0', '3701129800072', 'BIODERMA PIGMENTBIO DAILY CARE SPF50+ TUBE POMPE 40ML', '0.000', 1, 19.000, '2025-03-01 17:11:09', 62.832, 0.000, 50.894, 78.733, 66.1622, NULL, NULL, NULL, NULL),
(5369, 'DER0153*0', '3701129800119', 'BIODERMA PIGMENTBIO C-CONCENTRATE FLACON 15ML', '0.000', 1, 19.000, '2025-03-01 17:11:09', 65.117, 0.000, 52.745, 81.597, 68.5685, NULL, NULL, NULL, NULL),
(5370, '00000092*0', '618059018411', 'PHYTO Phytophanère 120 capsules', '0.000', 1, 19.000, '2025-03-01 17:11:09', 114.24, 0.000, 92.534, 143.150, 120.294, NULL, NULL, NULL, NULL),
(5371, '28575E*0', '3701129807385', 'BIODERMA PHOTODERM AQUAFLUIDE SPF50+ NEUTRE TUBE 40ML', '0.000', 1, 19.000, '2025-03-01 17:11:09', 42.269, 0.000, 34.238, 52.966, 44.5094, NULL, NULL, NULL, NULL),
(5372, 'DER0101*0', '3701129804414', 'BIODERMA PHOTODERM M SPF50+ CLAIRE TUBE 40ML', '0.000', 1, 19.000, '2025-03-01 17:11:09', 39.984, 0.000, 32.387, 50.103, 42.1031, NULL, NULL, NULL, NULL),
(5373, 'DER0075*0', '3401361353625', 'BIODERMA SEBIUM PORE REFINER  30ML', '0.000', 1, 19.000, '2025-03-01 17:11:09', 39.984, 0.000, 32.387, 50.103, 42.1031, NULL, NULL, NULL, NULL),
(5374, '2541070018*0', '3337875762298', 'VICHY CAPITAL SOLEIL UV-AGE DAILY SPF50+', '0.000', 3, 19.000, '2025-03-01 17:11:09', 193.637, 0.000, 52.282, 80.880, 67.9666, NULL, NULL, NULL, NULL),
(5375, 'DER0060*0', '3401347869546', 'BIODERMA CICABIO CREME 40ML', '0.000', 1, 19.000, '2025-03-01 17:11:09', 26.275, 0.000, 21.283, 32.925, 27.6679, NULL, NULL, NULL, NULL),
(5376, 'DER0123*0', '3401347869775', 'BIODERMA HYDRABIO SERUM 40ML', '0.000', 1, 19.000, '2025-03-01 17:11:09', 42.269, 0.000, 34.238, 52.966, 44.5094, NULL, NULL, NULL, NULL),
(5377, 'DER0056*0', '3701129804469', 'BIODERMA SENSIBIO DEFENSIVE RICHE 40 ML', '0.000', 1, 19.000, '2025-03-01 17:11:09', 36.557, 0.000, 29.611, 45.808, 38.4943, NULL, NULL, NULL, NULL),
(5378, '28675*0', '3701129805367', 'BIODERMA SEBIUM KERATO+ P/G TUBE 30ML', '0.000', 1, 19.000, '2025-03-01 17:11:09', 43.411, 0.000, 35.163, 54.397, 45.7119, NULL, NULL, NULL, NULL),
(5379, '28103B*0', '3701129802076', 'BIODERMA ATODERM INTENSIVE BAUME P/S POMPE 500ML', '0.000', 1, 19.000, '2025-03-01 17:11:09', 55.978, 0.000, 45.342, 70.144, 58.9446, NULL, NULL, NULL, NULL),
(5380, '28134*0', '3401560912807', 'BIODERMA ATODERM INTENSIVE GEL MOUSSANT P/S POMPE 1L', '0.000', 1, 19.000, '2025-03-01 17:11:09', 45.696, 0.000, 37.014, 57.261, 48.1182, NULL, NULL, NULL, NULL),
(5381, '084470*8', '3499320013475', 'CETAPHIL PROTECTIVE LIP BALM SPF50+ 8 ML', '0.000', 11, 19.000, '2025-03-01 17:11:09', 201.11, 0.000, 14.809, 22.910, 19.2517, NULL, NULL, NULL, NULL),
(5382, '5903416047773*12', '5903416047773', 'REVITALUM EXFOLIATING FILE IN CREAM 20% AHA COMPLEX 75ML', '0.000', 7, 19.000, '2025-03-01 17:11:09', 109.956, 0.000, 12.723, 19.682, 16.5399, NULL, NULL, NULL, NULL),
(5383, '5903416062585*12', '5903416062585', 'OH MY LIPS LIQUID MATT LIPSTICK&LIP LINER NO .17 FLAMENCO RED', '0.000', 7, 19.000, '2025-03-01 17:11:09', 212.058, 0.000, 24.538, 37.960, 31.8994, NULL, NULL, NULL, NULL),
(5384, '5903416062523*12', '5903416062523', 'OH MY LIPS LIQUID MATT LIPSTICK&LIP LINER NO .15 DEEP CORAL', '0.000', 7, 19.000, '2025-03-01 17:11:09', 212.058, 0.000, 24.538, 37.960, 31.8994, NULL, NULL, NULL, NULL),
(5385, 'DER0085*0', '3401360147508', 'BIODERMA SEBIUM GLOBAL CREME P/G TUBE 30ML', '0.000', 1, 19.000, '2025-03-01 17:11:09', 37.699, 0.000, 30.536, 47.239, 39.6968, NULL, NULL, NULL, NULL),
(5386, 'FID000*6', '7649990771274', 'FIDERMA CLARIFID CREME DEPIGMANTETE JOUR', '0.000', 1, 19.000, '2025-03-01 17:11:09', 70.486, 0.000, 57.094, 88.324, 74.2222, NULL, NULL, NULL, NULL),
(5387, '1031116*0', '3662361001217', 'SVR AMPOULE REFRESH 15ML', '0.000', 1, 19.000, '2025-03-01 17:11:09', 78.615, 0.000, 63.678, 98.510, 82.7814, NULL, NULL, NULL, NULL),
(5388, 'CT00501*10', '6192009700631', 'HYCOT DISQUES A DEMAQUILLER', '0.000', 11, 19.000, '2025-03-01 17:11:09', 41.293, 0.000, 3.041, 4.704, 3.9533, NULL, NULL, NULL, NULL),
(5389, 'ORTHO02*0', '0070942304801', 'GUM BAIN DE BOUCHE ORTHO 300ML 3090', '0.000', 2, 19.000, '2025-03-01 17:11:09', 31.882, 0.000, 12.912, 19.975, 16.7856, NULL, NULL, NULL, NULL),
(5390, 'GBB07*0', '7630019902625', 'GUM BAIN DE BOUCHE ACTIVITAL 300ML', '0.000', 2, 19.000, '2025-03-01 17:11:09', 31.882, 0.000, 12.912, 19.975, 16.7856, NULL, NULL, NULL, NULL),
(5391, 'PL048*0', '8714789806013', 'ELMEX DENTEFRICE SENS-PRO BLANCHEUR', '0.000', 1, 19.000, '2025-03-01 17:11:09', 13.614, 0.000, 11.027, 17.059, 14.3351, NULL, NULL, NULL, NULL),
(5392, 'PL049*0', '8714789754451', 'ELMEX DENTEFRICE SENS-PRO', '0.000', 1, 19.000, '2025-03-01 17:11:09', 13.614, 0.000, 11.027, 17.059, 14.3351, NULL, NULL, NULL, NULL),
(5393, 'PL0795*0', '8718951544239', 'ELMEX DENTIF SENSITIVE ORIGINAL', '0.000', 1, 19.000, '2025-03-01 17:11:09', 9.287, 0.000, 7.522, 11.637, 9.7786, NULL, NULL, NULL, NULL),
(5394, '282523*0', '4007965460005', 'MERIDOL DENTIFRICE GENCIVE  N/F', '0.000', 1, 19.000, '2025-03-01 17:11:09', 11.192, 0.000, 9.066, 14.025, 11.7858, NULL, NULL, NULL, NULL),
(5395, 'ORTH01*0', '0070942304795', 'GUM DENTIFRICE ORTHO 3080', '0.000', 2, 19.000, '2025-03-01 17:11:09', 22.924, 0.000, 9.284, 14.362, 12.0692, NULL, NULL, NULL, NULL),
(5396, 'GD02*0', '0070942302531', 'GUM DENTIFRICE GINGIDEX', '0.000', 2, 19.000, '2025-03-01 17:11:09', 21.858, 0.000, 8.852, 13.694, 11.5076, NULL, NULL, NULL, NULL),
(5397, 'GD05DP*0', '3401325839226', 'GUM DENTIFRICE ORIGINAL WHITE DUO PACK', '0.000', 2, 19.000, '2025-03-01 17:11:09', 43.183, 0.000, 17.489, 27.055, 22.7357, NULL, NULL, NULL, NULL),
(5398, 'GD10*0', '7630019902472', 'GUM DENTIFRICE ACTIVITAL', '0.000', 2, 19.000, '2025-03-01 17:11:09', 23.99, 0.000, 9.716, 15.031, 12.6308, NULL, NULL, NULL, NULL),
(5399, 'GB36*0', '7630019901444', 'GUM BROSSE TECHNIQUE PRO SOUPLE 525', '0.000', 2, 19.000, '2025-03-01 17:11:09', 24.257, 0.000, 9.824, 15.198, 12.7712, NULL, NULL, NULL, NULL),
(5400, 'GB16*0', '0070942501538', 'GUM BROSSE A DENTS TRAVEL 158', '0.000', 2, 19.000, '2025-03-01 17:11:09', 25.323, 0.000, 10.256, 15.866, 13.3328, NULL, NULL, NULL, NULL),
(5401, 'GB43*0', '7630019902595', 'GUM BROSSE JUNIOR TIMER LIGHT 903', '0.000', 2, 19.000, '2025-03-01 17:11:09', 34.12, 0.000, 13.819, 21.378, 17.9647, NULL, NULL, NULL, NULL),
(5402, 'GB27*0', '0070942124492', 'GUM BROSSE A DENTS ACTI VITAL MEDIUM 583', '0.000', 2, 19.000, '2025-03-01 17:11:09', 21.858, 0.000, 8.852, 13.694, 11.5076, NULL, NULL, NULL, NULL),
(5403, 'GB30*0', '070942125512', 'GUM BROSSE BABY 213', '0.000', 2, 19.000, '2025-03-01 17:11:09', 17.86, 0.000, 7.233, 11.189, 9.4029, NULL, NULL, NULL, NULL),
(5404, 'GB38*0', '7630019902298', 'GUM BROSSE ORIGINAL WHITE SOUPLE 561', '0.000', 2, 19.000, '2025-03-01 17:11:09', 21.858, 0.000, 8.852, 13.694, 11.5076, NULL, NULL, NULL, NULL),
(5405, 'GB50*0', '7630019905183', 'GUM BROSSE PRO SENSITIVE 510', '0.000', 1, 19.000, '2025-03-01 17:11:09', 12.128, 0.000, 9.824, 15.198, 12.7712, NULL, NULL, NULL, NULL),
(5406, 'GB11*0', '0070942122511', 'GUM BROSSE A DENTS DELICATE 317', '0.000', 1, 19.000, '2025-03-01 17:11:09', 10.263, 0.000, 8.313, 12.860, 10.8069, NULL, NULL, NULL, NULL),
(5407, 'GB43*0', '7630019902595', 'GUM BROSSE JUNIOR TIMER LIGHT 903', '0.000', 1, 19.000, '2025-03-01 17:11:09', 17.06, 0.000, 13.819, 21.378, 17.9647, NULL, NULL, NULL, NULL),
(5408, 'GB28*0', '0070942125505', 'GUM BROSSE  ACTIVITAL SOUPLE UC 585', '0.000', 1, 19.000, '2025-03-01 17:11:09', 10.662, 0.000, 8.636, 13.360, 11.2268, NULL, NULL, NULL, NULL),
(5409, 'CH0143*0', '8033182371127', 'BAD MERIDOL MEDIUM', '0.000', 2, 19.000, '2025-03-01 17:11:09', 22.27, 0.000, 9.019, 13.952, 11.7247, NULL, NULL, NULL, NULL),
(5410, 'CH0142*0', '7610108021994', 'BAD MERIDOL SOFT', '0.000', 1, 19.000, '2025-03-01 17:11:09', 11.135, 0.000, 9.019, 13.952, 11.7247, NULL, NULL, NULL, NULL),
(5411, 'CH0130*0', '4007965176203', 'BAD ELMEX SENSITIVE', '0.000', 3, 19.000, '2025-03-01 17:11:09', 30.094, 0.000, 8.125, 12.569, 10.5625, NULL, NULL, NULL, NULL),
(5412, '1612*0', '070942916127', 'GUM BROSSETTE TRAV FINE CYLINDRIQUE 1612', '0.000', 1, 19.000, '2025-03-01 17:11:09', 11.462, 0.000, 9.284, 14.362, 12.0692, NULL, NULL, NULL, NULL),
(5413, '1618*0', '070942303477', 'GUM BROSSETTE TRAVELER CYYLINDRIQUE 1618', '0.000', 1, 19.000, '2025-03-01 17:11:09', 11.462, 0.000, 9.284, 14.362, 12.0692, NULL, NULL, NULL, NULL),
(5414, '1412*0', '0070942914123', 'GUM BROSSETTE TRAV ULTRA FIN CYLIND 1412', '0.000', 1, 19.000, '2025-03-01 17:11:09', 11.462, 0.000, 9.284, 14.362, 12.0692, NULL, NULL, NULL, NULL),
(5415, 'GBR02*0', '070942904148', 'GUM BROSSETTE ULTRA FINE CONIQUE 414', '0.000', 1, 19.000, '2025-03-01 17:11:09', 9.863, 0.000, 7.989, 12.359, 10.3857, NULL, NULL, NULL, NULL),
(5416, 'GD07*0', '0070942304153', 'GUM DENTIFRICE KIDS', '0.000', 2, 19.000, '2025-03-01 17:11:09', 19.725, 0.000, 7.989, 12.359, 10.3857, NULL, NULL, NULL, NULL),
(5417, 'GD08*0', '070942304160', 'GUM DENTIFRICE JUNIOR', '0.000', 2, 19.000, '2025-03-01 17:11:09', 19.725, 0.000, 7.989, 12.359, 10.3857, NULL, NULL, NULL, NULL),
(5418, 'GD11*0', '7630019902984', 'GUM DENTIFRICE SENSIVITAL PLUS 6070', '0.000', 2, 19.000, '2025-03-01 17:11:09', 23.99, 0.000, 9.716, 15.031, 12.6308, NULL, NULL, NULL, NULL),
(5419, 'PF50*6', '6192488102049', 'pouxiderm pack anti-poux/shampoing 125ml', '0.000', 2, 19.000, '2025-03-01 17:11:09', 66.259, 0.000, 26.835, 41.514, 34.8855, NULL, NULL, NULL, NULL),
(5420, '000014*1', '6192013904254', 'POULIBREX LOTION REPULSIVE ANTI-POUX 100ML', '0.000', 30, 19.000, '2025-03-01 17:11:09', 180.285, 0.000, 4.868, 7.531, 6.3284, NULL, NULL, NULL, NULL),
(5421, '000013*1', '6192013904261', 'POULIBREX LOTION ANTI-POUX 100ML', '0.000', 30, 19.000, '2025-03-01 17:11:10', 252.399, 0.000, 6.815, 10.543, 8.8595, NULL, NULL, NULL, NULL),
(5422, '16007P*0', '5900717160071', 'PHARMACERIS MEDIC PROTECT 100+ +MOUSS A', '0.000', 2, 19.000, '2025-03-01 17:11:10', 141.658, 0.000, 57.371, 88.753, 74.5823, NULL, NULL, NULL, NULL),
(5423, 'CT001M*10', '6192009700372', 'BATONNET KINGFLEX GM 180 K.F', '0.000', 4, 19.000, '2025-03-01 17:11:10', 10.991, 0.000, 2.226, 3.444, 2.8938, NULL, NULL, NULL, NULL),
(5424, 'CT001PM*10', '6192009700341', 'BATONNET KINGFLEX PM 90', '0.000', 7, 19.000, '2025-03-01 17:11:10', 9.51, 0.000, 1.100, 1.702, 1.43, NULL, NULL, NULL, NULL),
(5425, 'CLA193*0', '6192484100193', 'CLARENIA EAU MICEKLLAIRE 200ML', '0.000', 1, 19.000, '2025-03-01 17:11:10', 15.218, 0.000, 12.327, 19.070, 16.0251, NULL, NULL, NULL, NULL),
(5426, '602905*0', '3273816029054', 'LAINO REPACK DEO THE VERT ROLL ON 50ML', '0.000', 1, 19.000, '2025-03-01 17:11:10', 25.894, 0.000, 20.974, 32.447, 27.2662, NULL, NULL, NULL, NULL),
(5427, '602906*0', '3273816029061', 'LAINO REPACK DEO FIGUE ROLL ON 50ML', '0.000', 1, 19.000, '2025-03-01 17:11:10', 25.894, 0.000, 20.974, 32.447, 27.2662, NULL, NULL, NULL, NULL),
(5428, '5903416047698*12', '5903416047698', ' SENSITIVE EPIL CRÈME DÉPILATOIRE ULTRA-DÉLICATE VISAGE,corps,BIKINI', '0.000', 7, 19.000, '2025-03-01 17:11:10', 106.029, 0.000, 12.269, 18.980, 15.9497, NULL, NULL, NULL, NULL),
(5429, 'DER0043*0', '3571940001893', 'NOREVA BERGASOL BB CREME CLAIRE SPF50+', '0.000', 2, 19.000, '2025-03-01 17:11:10', 111.955, 0.000, 45.342, 70.144, 58.9446, NULL, NULL, NULL, NULL),
(5430, '5901761909982*12', '5901761909982', 'EVELINE LASH THERAPY PROF.CONCENTRATED EYELASH SERUM 8IN1', '0.000', 7, 19.000, '2025-03-01 17:11:10', 164.934, 0.000, 19.085, 29.524, 24.8105, NULL, NULL, NULL, NULL),
(5431, 'P-00478*12', '6192311500325', 'l\'oramel trousse ureave', NULL, 1, 0.000, '2025-03-01 17:11:10', 52.486, 0.000, 42.514, 65.769, 55.2682, '', NULL, NULL, NULL),
(5432, '5907609333513*12', '5907609333513', 'EVELINE SPA TOTAL ACTION 8IN 1 12ML', '0.000', 7, 19.000, '2025-03-01 17:11:10', 99.96, 0.000, 11.567, 17.894, 15.0371, NULL, NULL, NULL, NULL),
(5433, 'JE75LHCFFBN*12', '5903416048985', 'FLOWER BLOSSOM CREAM HAND 75ML', '0.000', 3, 19.000, '2025-03-01 17:11:10', 42.84, 0.000, 11.567, 17.894, 15.0371, NULL, NULL, NULL, NULL),
(5434, 'JE75LHCBR*12', '5903416048978', 'FLOWER BLOSSOM REGENERATING CREAM HAND 75ML', '0.000', 4, 19.000, '2025-03-01 17:11:10', 42.84, 0.000, 8.675, 13.420, 11.2775, NULL, NULL, NULL, NULL),
(5435, 'LORDET003*12', '6192311500103', 'L\'ORAMEL MASQUE FIXATEUR COLLAGENE CAVIAR 500ML', '0.000', 2, 19.000, '2025-03-01 17:11:10', 58.381, 0.000, 23.644, 36.577, 30.7372, NULL, NULL, NULL, NULL),
(5436, 'LORDET002*6', '6192311500066', 'L\'ORAMEL SHAMPOING COLLAGENE CAVIAR 700ML', '0.000', 2, 19.000, '2025-03-01 17:11:10', 69.377, 0.000, 28.098, 43.468, 36.5274, NULL, NULL, NULL, NULL),
(5437, 'LORDET004*5', '6192311500080', 'L\'ORAMEL APRES-SHAMPOING COLLAGENE CAVIAR 500ML', '0.000', 2, 19.000, '2025-03-01 17:11:10', 20.355, 0.000, 8.244, 12.753, 10.7172, NULL, NULL, NULL, NULL),
(5438, '5903416065654*12', '5903416065654', 'BROW& GO ULTRA-STONG EYE BROW GEL LAMINATION EFFECT', '0.000', 3, 19.000, '2025-03-01 17:11:10', 94.248, 0.000, 25.447, 39.367, 33.0811, NULL, NULL, NULL, NULL),
(5439, '5903416065647*12', '5903416065647', 'BROW & GO SO FLUFFY STYLING SOAP BROWN', '0.000', 4, 19.000, '2025-03-01 17:11:10', 102.102, 0.000, 20.676, 31.986, 26.8788, NULL, NULL, NULL, NULL),
(5440, '4788338*8', '7612076448254', 'DAYLONG LAIT  EXTREME 50+ 50ML', '0.000', 2, 19.000, '2025-03-01 17:11:10', 93.677, 0.000, 37.939, 58.692, 49.3207, NULL, NULL, NULL, NULL),
(5441, '5903416017875*12', '5903416017875', 'VARITE EYELINER WATERPOOF ULTRA', '0.000', 7, 19.000, '2025-03-01 17:11:10', 188.496, 0.000, 21.812, 33.743, 28.3556, NULL, NULL, NULL, NULL),
(5442, '115*0', '3532661001159', 'EYE CARE MEIBOCLEAN MASCARA PURIFIANT', '0.000', 2, 19.000, '2025-03-01 17:11:10', 70.258, 0.000, 28.454, 44.018, 36.9902, NULL, NULL, NULL, NULL),
(5443, '6001*0', '3532662060018', 'EYE CARE MASCARA VOLUMATEUR PURE BLACK', '0.000', 2, 19.000, '2025-03-01 17:11:10', 97.561, 0.000, 39.512, 61.125, 51.3656, NULL, NULL, NULL, NULL),
(5444, '3001*0', '3532662030011', 'EYE CARE MASCARA ALLONGEANT NOIR PROFOND', '0.000', 1, 19.000, '2025-03-01 17:11:10', 45.513, 0.000, 36.866, 57.032, 47.9258, NULL, NULL, NULL, NULL),
(5445, '331*0', '3532662003312', 'EYE CARE EYELINER WATERPROOF NOIR', '0.000', 1, 19.000, '2025-03-01 17:11:10', 40.164, 0.000, 32.533, 50.329, 42.2929, NULL, NULL, NULL, NULL),
(5446, '5901761968170*12', '5901761968170', 'EVELINE FEUILLE VISAGE HYALURON ULTRA HYDRATANTE MASQUE', '0.000', 2, 19.000, '2025-03-01 17:11:10', 36.652, 0.000, 14.844, 22.964, 19.2972, NULL, NULL, NULL, NULL),
(5447, '5901761971668*12', '5901761971668', 'EVELINE MASQUE FACIAL PROFONDEMENT HYDRATANT AU CHARBON', '0.000', 1, 19.000, '2025-03-01 17:11:10', 36.652, 0.000, 14.844, 22.964, 19.2972, NULL, NULL, NULL, NULL),
(5448, '5901761971682*12', '5901761971682', 'EVELINE MASQUE EN FEUILLE APAISANT ET RAFRAÎCHISSANT À L\'ALOE VERA', '0.000', 3, 19.000, '2025-03-01 17:11:10', 36.652, 0.000, 9.896, 15.309, 12.8648, NULL, NULL, NULL, NULL),
(5450, '5903416053408*12', '5903416053408', 'VITAMINE C 3XACTION GEL NETTOYANT PURIFIANT VISAGE-ESSENCE 150ML', '0.000', 1, 19.000, '2025-03-01 17:11:10', 23.248, 0.000, 18.831, 29.132, 24.4803, NULL, NULL, NULL, NULL),
(5451, 'PF101*6', '6192421132010', 'VITAL VITOSINE EOSIN AQUEOUS 2% 30ML', '0.000', 7, 19.000, '2025-03-01 17:11:10', 27.546, 0.000, 3.187, 4.930, 4.1431, NULL, NULL, NULL, NULL),
(5452, 'PF823*6', '6192421108237', 'VITONIC BOOSTER B/30', '0.000', 7, 19.000, '2025-03-01 17:11:10', 87.965, 0.000, 10.179, 15.747, 13.2327, NULL, NULL, NULL, NULL),
(5453, 'PF511*6', '6192421105113', 'FERSANG B/60 GELLULES', '0.000', 7, 19.000, '2025-03-01 17:11:10', 142.343, 0.000, 16.471, 25.481, 21.4123, NULL, NULL, NULL, NULL),
(5454, 'BY40*11', '4211125953065', 'BEURER TIRE LAIT ELECTRIQUE BY40', '0.000', 1, 19.000, '2025-03-01 17:11:10', 227.548, 0.000, 184.314, 285.134, 239.608, NULL, NULL, NULL, NULL),
(5455, 'BY15*0', '4211125953034', 'BEURER TIRE LAIT MANUEL +BIBERON BY15', '0.000', 1, 19.000, '2025-03-01 17:11:10', 70.401, 0.000, 57.025, 88.218, 74.1325, NULL, NULL, NULL, NULL),
(5456, '72372*0', '3551101429988', 'DELICAL LACT HP VANILLE 200ML', '0.000', 4, 19.000, '2025-03-01 17:11:10', 47.455, 0.000, 9.610, 14.867, 12.493, NULL, NULL, NULL, NULL),
(5457, '40900201*6', '6192484201180', 'STOP ACIDE COMP B15', '0.000', 7, 19.000, '2025-03-01 17:11:10', 37.699, 0.000, 4.362, 6.748, 5.6706, NULL, NULL, NULL, NULL),
(5458, '6192312700069*6', '6192312700069', 'PURE-LIFT', '0.000', 7, 19.000, '2025-03-01 17:11:10', 373.208, 0.000, 43.185, 66.807, 56.1405, NULL, NULL, NULL, NULL),
(5459, 'TISILAXA*0', '6191557100023', 'TISANE LAXATIVE', '0.000', 7, 19.000, '2025-03-01 17:11:10', 45.161, 0.000, 5.226, 8.085, 6.7938, NULL, NULL, NULL, NULL),
(5460, 'V60-KH*0', '6192464900287', 'KINDER HEALTH VITALITE B/60', '0.000', 1, 19.000, '2025-03-01 17:11:10', 23.538, 0.000, 19.066, 29.495, 24.7858, NULL, NULL, NULL, NULL),
(5461, 'T60-KH*0', '6192464900355', 'KINDER HEALTH VITAMINE C B/60', '0.000', 1, 19.000, '2025-03-01 17:11:10', 24.161, 0.000, 19.570, 30.275, 25.441, NULL, NULL, NULL, NULL),
(5462, 'F60-KH*0', '6192464900348', 'KINDER HEALTH FER B/60', '0.000', 1, 19.000, '2025-03-01 17:11:10', 27.576, 0.000, 22.337, 34.555, 29.0381, NULL, NULL, NULL, NULL),
(5463, 'FPV*0', '3286010075581', 'VITAVEA FACILITE FIBRES PSYLLIUM', '0.000', 1, 19.000, '2025-03-01 17:11:10', 18.85, 0.000, 15.269, 23.621, 19.8497, NULL, NULL, NULL, NULL),
(5464, 'P006*6', '6192019800741', 'THERAPIA SLIMMER3 BT/30', '0.000', 1, 19.000, '2025-03-01 17:11:10', 22.236, 0.000, 18.011, 27.863, 23.4143, NULL, NULL, NULL, NULL),
(5465, 'P003*6', '6192019800598', 'THERAPIA APPETITPLUS BT/60', '0.000', 1, 19.000, '2025-03-01 17:11:10', 20.829, 0.000, 16.871, 26.099, 21.9323, NULL, NULL, NULL, NULL),
(5466, '22222223*6', '6192464900010', 'YOUNG HEALTH OMEGA 3 30 GELULES', '0.000', 1, 19.000, '2025-03-01 17:11:10', 28.761, 0.000, 23.296, 36.039, 30.2848, NULL, NULL, NULL, NULL),
(5467, 'VER075*1', '6192463700994', 'verogel 75ml', '0.000', 60, 19.000, '2025-03-01 17:11:10', 257.968, 0.000, 3.483, 5.388, 4.5279, NULL, NULL, NULL, NULL),
(5468, 'PF805*6', '6192421107032', 'VITONIC TONUS+B/30+30GELLULES', NULL, 2, 0.000, '2025-03-01 17:11:10', 46.352, 0.000, 18.773, 29.042, 24.4049, '', NULL, NULL, NULL),
(5469, 'PF806*6', '6192421107063', 'VITONIC GROSSESSE B/30 GELLULES', '0.000', 2, 19.000, '2025-03-01 17:11:10', 47.341, 0.000, 19.173, 29.661, 24.9249, NULL, NULL, NULL, NULL),
(5470, '6192484201487*8', '6192484201487', 'FERWELL LIPOSOMAL IRON   B30', '0.000', 1, 19.000, '2025-03-01 17:11:10', 16.385, 0.000, 13.272, 20.532, 17.2536, NULL, NULL, NULL, NULL),
(5471, 'PVCS057*6', '6192461404733', 'LHS ASHWAGANDHA 30 GELULES', '0.000', 2, 19.000, '2025-03-01 17:11:10', 35.195, 0.000, 14.254, 22.051, 18.5302, NULL, NULL, NULL, NULL),
(5472, '20400122*6', '6192484202002', 'NASOCARE BABY DECONGESTANT', '0.000', 1, 19.000, '2025-03-01 17:11:10', 10.879, 0.000, 8.812, 13.632, 11.4556, NULL, NULL, NULL, NULL),
(5473, '20400123*6', '6192484201999', 'NASOCARE BABY NASAL SPARY', '0.000', 1, 19.000, '2025-03-01 17:11:10', 10.879, 0.000, 8.812, 13.632, 11.4556, NULL, NULL, NULL, NULL),
(5474, '010*0', '6192440600538', 'XEN DORZEN ORODISPERSIBLES 2 MGB/30', '0.000', 1, 19.000, '2025-03-01 17:11:10', 17.733, 0.000, 14.364, 22.221, 18.6732, NULL, NULL, NULL, NULL),
(5475, '003-*0', '6192440600330', 'XEN KELA FER G', '0.000', 1, 19.000, '2025-03-01 17:11:10', 19.825, 0.000, 16.058, 24.842, 20.8754, NULL, NULL, NULL, NULL),
(5476, '009*0', '6192440600347', 'XEN KELA MAGB/30', '0.000', 1, 19.000, '2025-03-01 17:11:10', 16.887, 0.000, 13.678, 21.160, 17.7814, NULL, NULL, NULL, NULL),
(5477, '011*0', '6192440600552', 'XEN DORZEN PLUS B/30', '0.000', 1, 19.000, '2025-03-01 17:11:10', 26.706, 0.000, 21.632, 33.465, 28.1216, NULL, NULL, NULL, NULL),
(5478, '6192484202989*12', '6192484202989', 'ANGICALM SPRAY 30ML', '0.000', 1, 19.000, '2025-03-01 17:11:10', 12.469, 0.000, 10.100, 15.625, 13.13, NULL, NULL, NULL, NULL),
(5479, '20400121*6', '6192484201982', 'NASOCARE ISOTONIQUE', '0.000', 1, 19.000, '2025-03-01 17:11:10', 10.879, 0.000, 8.812, 13.632, 11.4556, NULL, NULL, NULL, NULL),
(5480, '6192484201456*6', '6192484201456', 'FLORINE BASIC GEL INTIME PH8 125ML', '0.000', 1, 19.000, '2025-03-01 17:11:10', 10.432, 0.000, 8.450, 13.072, 10.985, NULL, NULL, NULL, NULL),
(5481, '009*0', '6192440600347', 'XEN KELA MAGB/30', '0.000', 1, 19.000, '2025-03-01 17:11:10', 16.887, 0.000, 13.678, 21.160, 17.7814, NULL, NULL, NULL, NULL),
(5482, '004*0', '6192440600484', 'XEN ADOLOR FORT B/30', '0.000', 1, 19.000, '2025-03-01 17:11:10', 23.169, 0.000, 18.767, 29.033, 24.3971, NULL, NULL, NULL, NULL),
(5483, '400011*2', '6190792400011', 'STYLO GESTATEST PRO', '0.000', 6, 19.000, '2025-03-01 17:11:10', 18.002, 0.000, 2.430, 3.759, 3.159, NULL, NULL, NULL, NULL);
INSERT INTO `produits` (`id`, `reference`, `code_barre`, `title`, `discount`, `quantity`, `tva`, `created_at`, `prix_dachat`, `marge_beneficier`, `prix_unitaire_ht`, `prix_unitaire_ttc`, `prix_vente_ht`, `brand`, `image_url`, `categorie`, `gamme`) VALUES
(5484, 'DV00401*10', 'DV00401', 'RHINOL INALATEUR', '0.000', 16, 19.000, '2025-03-01 17:11:10', 29.567, 0.000, 1.497, 2.316, 1.9461, NULL, NULL, NULL, NULL),
(5485, '15001228*0', '3661434008665', 'URIAGE BEBE 1ER CREME LAVANTE 200ML', '0.000', 1, 19.000, '2025-03-01 17:11:10', 21.111, 0.000, 17.100, 26.454, 22.23, NULL, NULL, NULL, NULL),
(5486, '15001224*0', '3661434008719', 'URIAGE BEBE 1ERE EAU NETTOYANTE 500ML', '0.000', 1, 19.000, '2025-03-01 17:11:10', 30.37, 0.000, 24.600, 38.056, 31.98, NULL, NULL, NULL, NULL),
(5487, '15001229*0', '3661434008672', 'URIAGE BEBE 1ER CREME LAVANTE 500ML', '0.000', 1, 19.000, '2025-03-01 17:11:10', 39.259, 0.000, 31.800, 49.195, 41.34, NULL, NULL, NULL, NULL),
(5488, '65163985*0', '3661434008658', 'URIAGE BEBE CREME HYDRATANTE', '0.000', 1, 19.000, '2025-03-01 17:11:10', 21.852, 0.000, 17.700, 27.382, 23.01, NULL, NULL, NULL, NULL),
(5489, '15001234*0', '3661434008603', 'URIAGE BEBE 1ER COLD CREAM 75ML', '0.000', 1, 19.000, '2025-03-01 17:11:10', 19.259, 0.000, 15.600, 24.133, 20.28, NULL, NULL, NULL, NULL),
(5490, '20604*12', '20606', 'PASTILLE DOUCE 50G', NULL, 4, 0.000, '2025-03-01 17:11:10', 25.704, 0.000, 5.205, 8.052, 6.7665, '', NULL, NULL, NULL),
(5491, '20606*12', '20606', 'PASTILLE TONIQUE 50G', '0.000', 4, 19.000, '2025-03-01 17:11:10', 25.704, 0.000, 5.205, 8.052, 6.7665, NULL, NULL, NULL, NULL),
(5492, '20626*12', '129911120626', 'PASTILLE CASSIS', '0.000', 5, 19.000, '2025-03-01 17:11:10', 25.704, 0.000, 4.164, 6.442, 5.4132, NULL, NULL, NULL, NULL),
(5493, 'JT01018*6', '21452352', 'BABIROSE SAC A DOS (8 PIECES )', '0.000', 2, 19.000, '2025-03-01 17:11:10', 84.826, 0.000, 34.355, 53.147, 44.6615, NULL, NULL, NULL, NULL),
(5494, '8703797*0', '3504105037970', 'MUSTELA BIO CREME HYDRATANTE 150ML', '0.000', 2, 19.000, '2025-03-01 17:11:10', 59.405, 0.000, 24.059, 37.219, 31.2767, NULL, NULL, NULL, NULL),
(5495, '8703047*0', '3504100102871', 'MUSTELA LINIMENT 400ML', '0.000', 2, 19.000, '2025-03-01 17:11:10', 59.405, 0.000, 24.059, 37.219, 31.2767, NULL, NULL, NULL, NULL),
(5496, '8702818*8', '3504105036058', 'MUSTELA 2EN1 GEL NETTOYANT CHEV ET CORPS 200ML', '0.000', 2, 19.000, '2025-03-01 17:11:10', 36.557, 0.000, 14.806, 22.905, 19.2478, NULL, NULL, NULL, NULL),
(5497, '8703012*0', '3504105024932', 'MUSTELA CREME CHANGE 123 100ML', '0.000', 2, 19.000, '2025-03-01 17:11:10', 43.411, 0.000, 17.581, 27.198, 22.8553, NULL, NULL, NULL, NULL),
(5498, '8702480*0', '3504105024802', 'MUSTELA CREME CHANGE 123 50ML', '0.000', 2, 19.000, '2025-03-01 17:11:10', 27.418, 0.000, 11.104, 17.178, 14.4352, NULL, NULL, NULL, NULL),
(5499, '1330*6', '4008576389013', '1330 KIDS SMILE EN DISPLEY DE 12', '0.000', 7, 19.000, '2025-03-01 17:11:10', 79.554, 0.000, 9.206, 14.242, 11.9678, NULL, NULL, NULL, NULL),
(5500, '1330*6', '4008576389013', '1330 KIDS SMILE EN DISPLEY DE 12', '0.000', 1, 19.000, '2025-03-01 17:11:10', 0, 0.000, 0.000, 0.000, 0, NULL, NULL, NULL, NULL),
(5501, 'CRFVOY*3', '4940507810510', 'CRYSTAL FRESH VOYAGE', '0.000', 20, 19.000, '2025-03-01 17:11:10', 211.211, 0.000, 8.554, 13.233, 11.1202, NULL, NULL, NULL, NULL),
(5502, '8703581*0', '3504105035815', 'MUSTELA EAU NETTOY S RINCAGE 300ML', '0.000', 2, 19.000, '2025-03-01 17:11:10', 43.411, 0.000, 17.581, 27.198, 22.8553, NULL, NULL, NULL, NULL),
(5503, 'SILCA1*8', '42019350', 'SILCA BAIN DE BOUCHE 125ML', '0.000', 7, 19.000, '2025-03-01 17:11:10', 84.966, 0.000, 9.832, 15.210, 12.7816, NULL, NULL, NULL, NULL),
(5504, 'SILCA49*8', '6192421301201', 'PAROXINE SILCA BAIN DE BOUCHE', '0.000', 2, 19.000, '2025-03-01 17:11:10', 10.085, 0.000, 4.084, 6.318, 5.3092, NULL, NULL, NULL, NULL),
(5505, 'LIST500ML*0', '3574661118437', 'LISTERINE MENTOL 500ML', '0.000', 1, 19.000, '2025-03-01 17:11:10', 30.873, 0.000, 25.007, 38.686, 32.5091, NULL, NULL, NULL, NULL),
(5506, '8410496014757*10', '8410496014757', 'KEMPHOR DENTIFRICE SENSITIVE', '0.000', 4, 19.000, '2025-03-01 17:11:10', 39.984, 0.000, 8.097, 12.526, 10.5261, NULL, NULL, NULL, NULL),
(5507, '8410496011756*8', '8410496011756', 'KEMPHOR DENTIFRICE JUNIOR', '0.000', 3, 19.000, '2025-03-01 17:11:10', 14.999, 0.000, 4.050, 6.265, 5.265, NULL, NULL, NULL, NULL),
(5508, 'SILCA4*8', '4014612508324', 'SILCA HERBAL EXTRACT 100ML', '0.000', 7, 19.000, '2025-03-01 17:11:10', 63.308, 0.000, 7.326, 11.333, 9.5238, NULL, NULL, NULL, NULL),
(5509, 'SILCA63*8', '6192458100068', 'PAROXINE GEL BUCCAL TUBE 25GR', '0.000', 2, 19.000, '2025-03-01 17:11:10', 10.568, 0.000, 4.280, 6.621, 5.564, NULL, NULL, NULL, NULL),
(5510, '5901761967944*12', '5901761967944', 'EVELINE REVITALUM CREME REGENERANTE TALONS FISSURES 25% UREA 75ML', '0.000', 8, 19.000, '2025-03-01 17:11:10', 127.549, 0.000, 12.914, 19.978, 16.7882, NULL, NULL, NULL, NULL),
(5511, '5901761967937*12', '5901761967937', 'EVELINE REVITALIUM HYDRATANT EXFOLIANT CONTRE LES COLLOSITES 30% UREA', '0.000', 7, 19.000, '2025-03-01 17:11:10', 109.956, 0.000, 12.723, 19.682, 16.5399, NULL, NULL, NULL, NULL),
(5512, 'JLB4CHG02*12', '5903416058892', 'CHOCO GLAMOUR VINYL GLOSS LIP LIQUID N02 4.5ML', '0.000', 7, 19.000, '2025-03-01 17:11:10', 188.496, 0.000, 21.812, 33.743, 28.3556, NULL, NULL, NULL, NULL),
(5513, '5901761972498*12', '5901761972498', 'EVELINE NAIL THERAPY MAXIMUM GROWTH 12ML', '0.000', 2, 19.000, '2025-03-01 17:11:10', 36.652, 0.000, 14.844, 22.964, 19.2972, NULL, NULL, NULL, NULL),
(5514, '5901761902082*12', '5901761902082', 'SPA NAIL X-TERME GEL EFFECT 12ML', '0.000', 4, 19.000, '2025-03-01 17:11:10', 73.304, 0.000, 14.844, 22.964, 19.2972, NULL, NULL, NULL, NULL),
(5515, '5907609329721*12', '5907609329721', 'EVELINE SPA NAIL DIAMOND HARD AND SHINY NAILS 12ML', '0.000', 1, 19.000, '2025-03-01 17:11:10', 0, 0.000, 0.000, 0.000, 0, NULL, NULL, NULL, NULL),
(5516, '5903416001904*12', '5903416001904', 'EVELINE OH MY LIPS MAXIMIZER CHILI 4.5ML', '0.000', 4, 19.000, '2025-03-01 17:11:10', 44.506, 0.000, 9.012, 13.942, 11.7156, NULL, NULL, NULL, NULL),
(5517, '5903416027393*12', '5903416027393', 'EVELINE OH MY LIPS MAXIMIZER CHOCOLATE 4.5ML', '0.000', 2, 19.000, '2025-03-01 17:11:10', 48.695, 0.000, 19.721, 30.508, 25.6373, NULL, NULL, NULL, NULL),
(5518, '5903416001898*12', '5903416001898', 'EVELINE OH MY LIPS MAXIMIZER BEE VENOM 4.5ML', '0.000', 2, 19.000, '2025-03-01 17:11:10', 44.506, 0.000, 18.025, 27.885, 23.4325, NULL, NULL, NULL, NULL),
(5519, '5903416053408*12', '5903416053408', 'VITAMINE C 3XACTION GEL NETTOYANT PURIFIANT VISAGE-ESSENCE 150ML', '0.000', 7, 19.000, '2025-03-01 17:11:10', 145.299, 0.000, 16.813, 26.010, 21.8569, NULL, NULL, NULL, NULL),
(5520, 'ROTR00007*6', '6192010068843', 'RONCEY TROUSSE BIEGE', '0.000', 1, 19.000, '2025-03-01 17:11:10', 71.035, 0.000, 57.538, 89.011, 74.7994, NULL, NULL, NULL, NULL),
(5521, 'XENBICOV_BR*0', '6192440601719', 'XEN DUO BICOVER BEIGE ROSE+OIL REP', '0.000', 2, 19.000, '2025-03-01 17:11:10', 135.779, 0.000, 54.990, 85.070, 71.487, NULL, NULL, NULL, NULL),
(5522, 'XEN117*0', '6192440601726', 'XEN DUO BICOVER 50+ BEIGE CLAIR +OIL REP', '0.000', 3, 19.000, '2025-03-01 17:11:10', 203.669, 0.000, 54.991, 85.071, 71.4883, NULL, NULL, NULL, NULL),
(5523, 'XEN115*0', '6192440601641', 'XEN LUMI-R 50 + ECRAN TEINTE', '0.000', 1, 19.000, '2025-03-01 17:11:10', 53.986, 0.000, 43.729, 67.649, 56.8477, NULL, NULL, NULL, NULL),
(5524, 'ART010*6', '6197526591038', 'RIVADERM KERATILISS MASQUE', '0.000', 1, 19.000, '2025-03-01 17:11:10', 32.924, 0.000, 26.668, 41.255, 34.6684, NULL, NULL, NULL, NULL),
(5525, 'CLA-AB3*0', '6192484100247', 'CLARENIA AB3 SERUM ANTI-RIDES REGENERANT', '0.000', 1, 19.000, '2025-03-01 17:11:10', 66.602, 0.000, 53.948, 83.458, 70.1324, NULL, NULL, NULL, NULL),
(5526, 'CLA-HC20*0', '6192484100254', 'CLARENIA HC20 SERUM BOOSTER', '0.000', 1, 19.000, '2025-03-01 17:11:10', 72.999, 0.000, 59.129, 91.473, 76.8677, NULL, NULL, NULL, NULL),
(5527, 'CLA025*0', '6192484100025', 'CLARENIA GEL ECLAIRCISSANT ZONE INTIME', '0.000', 2, 19.000, '2025-03-01 17:11:10', 50.921, 0.000, 20.623, 31.904, 26.8099, NULL, NULL, NULL, NULL),
(5528, '3337875821636*0', '3337875821636', 'VICHY LIFTACTIV 30ML', '0.000', 1, 19.000, '2025-03-01 17:11:10', 153.51, 0.000, 124.343, 192.359, 161.646, NULL, NULL, NULL, NULL),
(5529, 'ART009*6', '6190231545877', 'RIVADERM REVITALISS SHOMPOOING', '0.000', 1, 19.000, '2025-03-01 17:11:10', 23.35, 0.000, 18.914, 29.260, 24.5882, NULL, NULL, NULL, NULL),
(5530, 'ART002*6', '6192473900025', 'RIVADERM KERATILISS SHAMPPOING', '0.000', 1, 19.000, '2025-03-01 17:11:10', 31.451, 0.000, 25.475, 39.410, 33.1175, NULL, NULL, NULL, NULL),
(5531, 'ART00144*6', '6192473900445', 'RIVADERM DEO ECLAIRCISSANT 50ML', '0.000', 2, 19.000, '2025-03-01 17:11:10', 42.46, 0.000, 17.196, 26.602, 22.3548, NULL, NULL, NULL, NULL),
(5532, 'SUPER-COLLAGEN*0', '', 'SUPER COLLAGEN  12000MG', '0.000', 1, 19.000, '2025-03-01 17:11:10', 316.788, 0.000, 256.598, 396.957, 333.577, NULL, NULL, NULL, NULL),
(5533, '40001084*6', '8429979456069', 'SESDERMA REPASKIN DRY TOUCH SPF50', '0.000', 1, 19.000, '2025-03-01 17:11:10', 72.441, 0.000, 58.677, 90.773, 76.2801, NULL, NULL, NULL, NULL),
(5534, 'U21121*8', '756848211213', 'ULTRASUN PHOTO AGE CONTROL FLUID SPF50 40ML', '0.000', 3, 19.000, '2025-03-01 17:11:10', 148.473, 0.000, 40.088, 62.016, 52.1144, NULL, NULL, NULL, NULL),
(5535, 'ART001*6', '6192473900018', 'RIVADERM KERATILISS SERUM', '0.000', 1, 19.000, '2025-03-01 17:11:10', 32.393, 0.000, 26.238, 40.590, 34.1094, NULL, NULL, NULL, NULL),
(5536, 'U21131*8', '0756848211312', 'ULTRASUN AGE ANTI-P CONTROL SPF 50 40ML', '0.000', 4, 19.000, '2025-03-01 17:11:10', 243.272, 0.000, 49.263, 76.210, 64.0419, NULL, NULL, NULL, NULL),
(5537, 'XEN030*0', '6192440600408', 'XEN HYDRA 24 CREM RICHE', '0.000', 2, 19.000, '2025-03-01 17:11:10', 85.897, 0.000, 34.788, 53.817, 45.2244, NULL, NULL, NULL, NULL),
(5538, 'XEN029*0', '6192440600415', 'XEN HYDRA 24 CREME LEGERE', '0.000', 2, 19.000, '2025-03-01 17:11:10', 36.713, 0.000, 14.869, 23.002, 19.3297, NULL, NULL, NULL, NULL),
(5539, '602035*0', '3616826020350', 'LAINO GEL MOUSSANT NETT.APAISANTE 200ML', '0.000', 1, 19.000, '2025-03-01 17:11:10', 31.873, 0.000, 25.817, 39.939, 33.5621, NULL, NULL, NULL, NULL),
(5540, '051305*8', '3499320012430', 'CETAPHIL GENTLE SKIN CLEANSER 500ML', '0.000', 2, 19.000, '2025-03-01 17:11:10', 70.143, 0.000, 28.408, 43.947, 36.9304, NULL, NULL, NULL, NULL),
(5541, '051318*10', '3499320012423', 'CETAPHIL OILY SKIN LOTION 236ML', '0.000', 2, 19.000, '2025-03-01 17:11:10', 57.12, 0.000, 23.134, 35.788, 30.0742, NULL, NULL, NULL, NULL),
(5542, 'DS30022D80*0', '8428749913603', 'SENSILIS SENSITIVE WATER FLUID COLOR SPF50+ 40ML', '0.000', 1, 19.000, '2025-03-01 17:11:10', 56.755, 0.000, 45.972, 71.119, 59.7636, NULL, NULL, NULL, NULL),
(5543, '8428749908005*0', '', 'SENSILISS PHOTOCORRECTION D-PIGMENT COLOR 40ML', '0.000', 1, 19.000, '2025-03-01 17:11:10', 41.933, 0.000, 33.966, 52.545, 44.1558, NULL, NULL, NULL, NULL),
(5544, '9000044*0', '8428749000044', 'SENSILIS PHOTOCORRECTION HA50+ INVISIBLE', '0.000', 1, 19.000, '2025-03-01 17:11:10', 59.52, 0.000, 48.211, 74.582, 62.6743, NULL, NULL, NULL, NULL),
(5545, 'PHF02*6', '5900717154216', 'PHARMACERIS FDT PROTECTIVE SPF50 02 SAND', '0.000', 7, 19.000, '2025-03-01 17:11:10', 267.75, 0.000, 30.983, 47.931, 40.2779, NULL, NULL, NULL, NULL),
(5546, '030056*8', '7612076450752', 'DAYLONG REPAIR 100ML', '0.000', 1, 19.000, '2025-03-01 17:11:10', 52.093, 0.000, 42.195, 65.276, 54.8535, NULL, NULL, NULL, NULL),
(5547, '023575*10', '7612076368293', 'CETAPHIL SUN LIGHT GEL SPF50+ 50ML', '0.000', 7, 19.000, '2025-03-01 17:11:10', 285.6, 0.000, 33.048, 51.125, 42.9624, NULL, NULL, NULL, NULL),
(5548, 'DM-122*6', '5901643170691', 'DERMEDIC HYDRAIN 3 GEL NETTOYANT 200G', '0.000', 7, 19.000, '2025-03-01 17:11:10', 200.277, 0.000, 23.175, 35.852, 30.1275, NULL, NULL, NULL, NULL),
(5549, 'PHW03*6', '5900717147010', 'PHARMACERIS WHITING PURI ALBUCIN MOUSSE NETY 150ML', '0.000', 7, 19.000, '2025-03-01 17:11:10', 178.393, 0.000, 20.643, 31.935, 26.8359, NULL, NULL, NULL, NULL),
(5550, 'METRO*0', '3760269770225', 'ISIS METRORUBORIL A.Z 30ML', '0.000', 1, 19.000, '2025-03-01 17:11:10', 42.479, 0.000, 34.408, 53.229, 44.7304, NULL, NULL, NULL, NULL),
(5551, 'ECRANPEAU*0', '3401360147775', 'ISIS RUBORIL EXPERT SPF50+', '0.000', 1, 19.000, '2025-03-01 17:11:10', 39.756, 0.000, 32.202, 49.816, 41.8626, NULL, NULL, NULL, NULL),
(5552, '45*0', '3760269770560', 'ISIS GLYCO-A FOAMER MOUSSE NETT ECLAT', '0.000', 2, 19.000, '2025-03-01 17:11:10', 84.287, 0.000, 34.136, 52.808, 44.3768, NULL, NULL, NULL, NULL),
(5553, 'TEENDERM*0', '3031500311423', 'ISIS TEEN DERM GEL 150ML', '0.000', 1, 19.000, '2025-03-01 17:11:10', 28.148, 0.000, 22.800, 35.272, 29.64, NULL, NULL, NULL, NULL),
(5554, 'NEO-GEL*0', '3760269770010', 'ISIS NEOTONE GEL 150ML', '0.000', 1, 19.000, '2025-03-01 17:11:10', 28.148, 0.000, 22.800, 35.272, 29.64, NULL, NULL, NULL, NULL),
(5555, '46*0', '3031500000280', 'ISIS GLYCO-A SOFT PEELING 5.5', '0.000', 2, 19.000, '2025-03-01 17:11:10', 88.719, 0.000, 35.931, 55.585, 46.7103, NULL, NULL, NULL, NULL),
(5556, 'T222*0', '3760269770942', 'ISIS TEEN DERM AZ 30ML', '0.000', 1, 19.000, '2025-03-01 17:11:10', 47.341, 0.000, 38.346, 59.321, 49.8498, NULL, NULL, NULL, NULL),
(5557, '6192449400658*0', '6192449400658', 'LRP DEO PROTECT ROLLON', '0.000', 2, 19.000, '2025-03-01 17:11:10', 22.08, 0.000, 8.942, 13.833, 11.6246, NULL, NULL, NULL, NULL),
(5558, 'NUXETRIO*0', '3264680016257', 'NUXE COFFRET BIO-BEAUT2 TRIO CR MAINS', '0.000', 1, 19.000, '2025-03-01 17:11:10', 41.6, 0.000, 33.696, 52.128, 43.8048, NULL, NULL, NULL, NULL),
(5559, '3264680005121*0', '3264680005121', 'NUXE EAU DEMAQUILLANTE MICELLAIRE 100ML', '0.000', 6, 19.000, '2025-03-01 17:11:10', 118.81, 0.000, 16.039, 24.812, 20.8507, NULL, NULL, NULL, NULL),
(5560, '3264680010651*0', '3264680010651', 'NUXE BIO-BEAUTY CREME MAIN SECHE', '0.000', 2, 19.000, '2025-03-01 17:11:10', 62.4, 0.000, 25.272, 39.096, 32.8536, NULL, NULL, NULL, NULL),
(5561, 'VN046701*0', '3264680022166', 'SUN FLUIDE VISAGE SPF50 50ML', '0.000', 1, 19.000, '2025-03-01 17:11:10', 58.518, 0.000, 47.400, 73.328, 61.62, NULL, NULL, NULL, NULL),
(5562, '0A16066*0', '3264680006999', 'SUN CREME FONDANTE VISAGE SPF+ 50', '0.000', 1, 19.000, '2025-03-01 17:11:10', 57.778, 0.000, 46.800, 72.400, 60.84, NULL, NULL, NULL, NULL),
(5563, '1V1380*10', '3401360245761', 'FILORGA UV BRONZE FACE 40 ML', '0.000', 1, 19.000, '2025-03-01 17:11:10', 78.551, 0.000, 63.626, 98.429, 82.7138, NULL, NULL, NULL, NULL),
(5564, '3264680024795*0', '3264680024795', 'NUXE MERVEILLANCE LIFT 50ML', '0.000', 1, 19.000, '2025-03-01 17:11:10', 130.82, 0.000, 105.964, 163.926, 137.753, NULL, NULL, NULL, NULL),
(5565, '3264680016516*0', '', 'NUX URIANCE ULTRA 30ML', '0.000', 1, 19.000, '2025-03-01 17:11:10', 131.333, 0.000, 106.380, 164.570, 138.294, NULL, NULL, NULL, NULL),
(5566, '1V1830*0', '3540550009476', 'FILORGA GLOBAL REPAIR INTENSIVE 30ML', '0.000', 1, 19.000, '2025-03-01 17:11:10', 241.722, 0.000, 195.795, 302.895, 254.533, NULL, NULL, NULL, NULL),
(5567, '1V1920*0', '3540550009605', 'FILORGA AGE PURIFY MASK  75ML', '0.000', 1, 19.000, '2025-03-01 17:11:10', 103.835, 0.000, 84.106, 130.112, 109.338, NULL, NULL, NULL, NULL),
(5568, '3264680016547*0', '3264680016547', 'NUXE NUXURIANCE ULTRA 50ML', '0.000', 1, 19.000, '2025-03-01 17:11:10', 130.741, 0.000, 105.900, 163.827, 137.67, NULL, NULL, NULL, NULL),
(5569, 'DCGP008*0', '3401348573060', 'FILORGA MESO MASK 50ML', '0.000', 1, 19.000, '2025-03-01 17:11:10', 113.29, 0.000, 91.765, 141.960, 119.295, NULL, NULL, NULL, NULL),
(5570, '1V1590*0', '3540550008110', 'FILORGA LIFT-STRUCTURE 50ML', '0.000', 1, 19.000, '2025-03-01 17:11:10', 172.081, 0.000, 139.386, 215.630, 181.202, NULL, NULL, NULL, NULL),
(5571, 'VN052901*0', '3264680024382', 'HUILE PRODIGIEUSE  FLORALE 50ML', '0.000', 1, 19.000, '2025-03-01 17:11:10', 62.223, 0.000, 50.401, 77.970, 65.5213, NULL, NULL, NULL, NULL),
(5572, '61036444*0', '3540550015378', 'FILORGA REVITALIZE SERUM FLACON 30ML', '0.000', 1, 19.000, '2025-03-01 17:11:10', 197.54, 0.000, 160.007, 247.531, 208.009, NULL, NULL, NULL, NULL),
(5574, 'G75585*0', '6192001375585', 'COFFRET ASTUS DEMAQUILLANT', '0.000', 1, 19.000, '2025-03-01 17:11:10', 20.392, 0.000, 16.518, 25.553, 21.4734, NULL, NULL, NULL, NULL),
(5575, 'G77176*0', '6192001377176', 'COFFRET SVT FEMME 25', '0.000', 1, 19.000, '2025-03-01 17:11:10', 26.569, 0.000, 21.521, 33.293, 27.9773, NULL, NULL, NULL, NULL),
(5576, '0635*0', '3614819990635', 'ETIAXIL DEOD DOUCEUR', '0.000', 1, 19.000, '2025-03-01 17:11:10', 22.478, 0.000, 18.207, 28.166, 23.6691, NULL, NULL, NULL, NULL),
(5577, 'G76520*0', '6192001376520', 'ASTUS COFFRET HOMME EDP 30ML', '0.000', 1, 19.000, '2025-03-01 17:11:10', 27.418, 0.000, 22.209, 34.357, 28.8717, NULL, NULL, NULL, NULL),
(5578, 'G76773*0', '6192001376773', 'COFFRET SVT HOMME ASTUS', '0.000', 1, 19.000, '2025-03-01 17:11:10', 29.704, 0.000, 24.060, 37.221, 31.278, NULL, NULL, NULL, NULL),
(5579, 'G75295*0', '6192001375295', ' PARF ASTUS SAUVE 100ML', '0.000', 1, 19.000, '2025-03-01 17:11:10', 54.264, 0.000, 43.954, 67.997, 57.1402, NULL, NULL, NULL, NULL),
(5580, 'G76728*0', '6192001376728', 'COFFRET FDA FEMME', '0.000', 1, 19.000, '2025-03-01 17:11:10', 30.731, 0.000, 24.892, 38.508, 32.3596, NULL, NULL, NULL, NULL),
(5581, '26*6', '6192301000118', 'BAUME A LEVRE GLYCERIALL FROMBOISE', '0.000', 14, 19.000, '2025-03-01 17:11:10', 30.059, 0.000, 1.739, 2.690, 2.2607, NULL, NULL, NULL, NULL),
(5582, '3286010008985*0', '3286010008985', 'BIOLANE SHAMPOING DOUCEUR 350ML', '0.000', 2, 19.000, '2025-03-01 17:11:10', 41.078, 0.000, 16.637, 25.737, 21.6281, NULL, NULL, NULL, NULL),
(5583, '4346*0', '1477456', 'BIOLANE BOURCE(gel lav+crm nourr)', '0.000', 1, 19.000, '2025-03-01 17:11:10', 38.53, 0.000, 31.209, 48.280, 40.5717, NULL, NULL, NULL, NULL),
(5584, '00745*0', '6192422000745', 'DAHLIA COFFRET CYTOL CAP GAMME CAPILLAIRE', '0.000', 1, 19.000, '2025-03-01 17:11:10', 55.237, 0.000, 44.742, 69.216, 58.1646, NULL, NULL, NULL, NULL),
(5585, '448B*0', '3700221313107', 'LOT TURBODRAINE PECHE 500ML 2° 50°/°', '0.000', 1, 19.000, '2025-03-01 17:11:10', 69.058, 0.000, 55.937, 86.535, 72.7181, NULL, NULL, NULL, NULL),
(5586, '600013*6', '6192316600013', 'GUMMYBEAR HAIR SKIN NAILS B/60', '0.000', 7, 19.000, '2025-03-01 17:11:10', 252.399, 0.000, 29.206, 45.182, 37.9678, NULL, NULL, NULL, NULL),
(5587, '600068*6', '6192316600068', 'GUMMYBEAR WOMEN\'S MULTI', '0.000', 7, 19.000, '2025-03-01 17:11:10', 237.976, 0.000, 27.537, 42.600, 35.7981, NULL, NULL, NULL, NULL),
(5588, 'ACIDE*0', '3700221317631', 'EXPERT HYALURONIC BT30 GELULES+2EME GRATUITE', '0.000', 2, 19.000, '2025-03-01 17:11:10', 205.175, 0.000, 83.096, 128.550, 108.025, NULL, NULL, NULL, NULL),
(5589, 'OLEOGLY1*0', '6192001602216', 'OLEO GLYCERINE CREME', '0.000', 6, 19.000, '2025-03-01 17:11:10', 18.507, 0.000, 2.498, 3.864, 3.2474, NULL, NULL, NULL, NULL),
(5590, 'GLUTA-LIGHT*6', '8437016136928', 'MASNUTRA GLUTA LIGTH  14STICKS', '0.000', 7, 19.000, '2025-03-01 17:11:10', 465.278, 0.000, 53.839, 83.289, 69.9907, NULL, NULL, NULL, NULL),
(5591, 'PF622*6', '6192421106226', 'VASELINE POMMADE 40G', '0.000', 5, 19.000, '2025-03-01 17:11:10', 19.578, 0.000, 2.265, 3.504, 2.9445, NULL, NULL, NULL, NULL),
(5592, 'GM550-21F*0', '4710627338092', 'BIONIME LECTEUR DE GLYCEMIE GM550', '0.000', 1, 19.000, '2025-03-01 17:11:10', 21.12, 0.000, 17.107, 26.465, 22.2391, NULL, NULL, NULL, NULL),
(5593, 'PACKBD100*0', '4710627333080', 'PACK BIONIME 75UI + 25UI GRATUIT', '0.000', 3, 19.000, '2025-03-01 17:11:10', 155.52, 0.000, 41.990, 64.959, 54.587, NULL, NULL, NULL, NULL),
(5594, 'ARRA*0', '3578835500257', 'PROGRAMME MANICEUR 30 AMPOULES', '0.000', 1, 19.000, '2025-03-01 17:11:10', 83.93, 0.000, 67.983, 105.170, 88.3779, NULL, NULL, NULL, NULL),
(5595, 'AR61*0', '3578835502916', 'FORCAPIL ANTICHUTE 30COMP', '0.000', 1, 19.000, '2025-03-01 17:11:10', 50.84, 0.000, 41.180, 63.705, 53.534, NULL, NULL, NULL, NULL),
(5596, '07819382446*10', '4015630068272', 'ACCU-CHEK BAND INSTANT 50UN', '0.000', 3, 19.000, '2025-03-01 17:11:10', 111.744, 0.000, 30.171, 46.675, 39.2223, NULL, NULL, NULL, NULL),
(5597, 'AR14N*0', '3401548171172', 'FORCAPIL 60 GELULES', '0.000', 1, 19.000, '2025-03-01 17:11:10', 43.354, 0.000, 35.117, 54.326, 45.6521, NULL, NULL, NULL, NULL),
(5598, 'GAAV90*2', '6192463700963', 'GEL APAISANT ALOE VERA 90ML', '0.000', 45, 19.000, '2025-03-01 17:11:10', 228.016, 0.000, 4.104, 6.349, 5.3352, NULL, NULL, NULL, NULL),
(5599, 'PHYVER100*6', '6192419804141', 'PHYTOVERA GEL APAISANT 100ML', '0.000', 3, 19.000, '2025-03-01 17:11:10', 62.872, 0.000, 16.975, 26.260, 22.0675, NULL, NULL, NULL, NULL),
(5600, 'PFC047*4', '6192402802147', 'OPALIA VITA-C-BOOST BT/60', '0.000', 7, 19.000, '2025-03-01 17:11:10', 106.008, 0.000, 12.267, 18.977, 15.9471, NULL, NULL, NULL, NULL),
(5601, 'PFC017*5', '6192402883191', 'OPALIA FER MAX GELULES BT30', '0.000', 2, 19.000, '2025-03-01 17:11:10', 14.538, 0.000, 5.888, 9.109, 7.6544, NULL, NULL, NULL, NULL),
(5602, 'VN01001*9', '6192459900131', 'VEINO DRAINE GEL-CR JAMBES LEGERES  150ML', '0.000', 2, 19.000, '2025-03-01 17:11:10', 25.11, 0.000, 10.170, 15.733, 13.221, NULL, NULL, NULL, NULL),
(5603, '001HEMO*6', '6192448500083', 'HEMORROIX CREME 40 G', '0.000', 3, 19.000, '2025-03-01 17:11:10', 35.696, 0.000, 9.638, 14.910, 12.5294, NULL, NULL, NULL, NULL),
(5604, 'HEMO30*6', '6192448500557', 'HEMORROIX GEL 30G', '0.000', 4, 19.000, '2025-03-01 17:11:10', 32.451, 0.000, 6.571, 10.165, 8.5423, NULL, NULL, NULL, NULL),
(5605, 'PAM7*3', '6192498800027', 'BIO NATURAL HYDRA PAM 100ML', '0.000', 2, 19.000, '2025-03-01 17:11:10', 18.244, 0.000, 7.389, 11.431, 9.6057, NULL, NULL, NULL, NULL),
(5606, '0059*0', '6192422000059', 'DAHLIA CYTOL CENTELLA 50ML', '0.000', 1, 19.000, '2025-03-01 17:11:10', 20.899, 0.000, 16.928, 26.188, 22.0064, NULL, NULL, NULL, NULL),
(5607, 'PK00101*0', '4015630084845', 'COFFRET ACCU-CHEK INSTANT LECTEUR+BANDELETTE 110', '0.000', 1, 19.000, '2025-03-01 17:11:10', 74.496, 0.000, 60.342, 93.349, 78.4446, NULL, NULL, NULL, NULL),
(5608, 'AR67*0', '3578835503494', 'FORCAPIL CROISSANCE 60GUMMIES', '0.000', 1, 19.000, '2025-03-01 17:11:10', 69.451, 0.000, 56.255, 87.026, 73.1315, NULL, NULL, NULL, NULL),
(5609, '00000272*6', '6192422000448', 'DAHLIA NEOVIX 40 G', '0.000', 1, 19.000, '2025-03-01 17:11:10', 4.537, 0.000, 3.675, 5.685, 4.7775, NULL, NULL, NULL, NULL),
(5610, 'XEN031*0', '6192440600392', 'ADOLOR', '0.000', 1, 19.000, '2025-03-01 17:11:10', 10.172, 0.000, 8.239, 12.746, 10.7107, NULL, NULL, NULL, NULL),
(5611, 'PILLJOUR*12', '3760169127341', 'PILLULIER ANYCARE WS004 (JOURNALIER)', '0.000', 6, 19.000, '2025-03-01 17:11:10', 34.546, 0.000, 4.664, 7.215, 6.0632, NULL, NULL, NULL, NULL),
(5612, '00000012*6', '6192422000486', 'DAHLIA NEOGAZ 35 ML', '0.000', 2, 19.000, '2025-03-01 17:11:10', 9.703, 0.000, 3.930, 6.080, 5.109, NULL, NULL, NULL, NULL),
(5613, 'CHARB*6', '6192448500625', 'CHARBONAT GELULES B30', '0.000', 3, 19.000, '2025-03-01 17:11:10', 35.654, 0.000, 9.627, 14.893, 12.5151, NULL, NULL, NULL, NULL),
(5614, '001EPISIO*6', '6192448500212', 'EPISIO47', '0.000', 2, 19.000, '2025-03-01 17:11:10', 24, 0.000, 9.720, 15.037, 12.636, NULL, NULL, NULL, NULL),
(5615, '00000206*10', '1011012323', 'VASELINE SALICYLEE30% BIO PURE B-PH', '0.000', 1, 19.000, '2025-03-01 17:11:10', 3.744, 0.000, 3.033, 4.692, 3.9429, NULL, NULL, NULL, NULL),
(5616, '00000202*10', '147741', 'VASELINE SALICYLEE2% BIO PURE B-PH', '0.000', 1, 19.000, '2025-03-01 17:11:10', 2.641, 0.000, 2.139, 3.309, 2.7807, NULL, NULL, NULL, NULL),
(5617, '00000203*10', '1231444', 'VASELINE SALICYLEE 5% BIO PURE B-PH', '0.000', 1, 19.000, '2025-03-01 17:11:10', 3.168, 0.000, 2.566, 3.970, 3.3358, NULL, NULL, NULL, NULL),
(5618, 'JADORE_BOUCLE*5', '', 'J\'ADORE BOUCLES', '0.000', 50, 19.000, '2025-03-01 17:11:11', 909.35, 0.000, 14.731, 22.789, 19.1503, NULL, NULL, NULL, NULL),
(5619, 'JADORE_COLLIER*5', '', 'J\'ADORE COLLIER', '0.000', 14, 19.000, '2025-03-01 17:11:11', 841.092, 0.000, 48.663, 75.282, 63.2619, NULL, NULL, NULL, NULL),
(5620, 'FP101066*0', '6191557101143', 'CALINO HUILE LAVANT NV', '0.000', 8, 19.000, '2025-03-01 17:11:11', 233.24, 0.000, 23.616, 36.534, 30.7008, NULL, NULL, NULL, NULL),
(5621, 'CALEAUSENT*5', '6192421301331', 'CALINO EAU DE SENTEUR 250ML', NULL, 6, 0.000, '2025-03-01 17:11:11', 106.951, 0.000, 14.438, 22.336, 18.7694, '', NULL, NULL, NULL),
(5622, '6191557101105*5', '6191557101105', 'CALINO LAIT APAISANT 250ML', '0.000', 6, 19.000, '2025-03-01 17:11:11', 111.563, 0.000, 15.061, 23.299, 19.5793, NULL, NULL, NULL, NULL),
(5623, 'GELTSHP500*5', '6192421301324', 'CALINO SHAMPOING 500ML', '0.000', 6, 19.000, '2025-03-01 17:11:11', 153.213, 0.000, 20.684, 31.998, 26.8892, NULL, NULL, NULL, NULL),
(5624, 'CLA025*0', '6192484100025', 'CLARENIA GEL ECLAIRCISSANT ZONE INTIME', '0.000', 2, 19.000, '2025-03-01 17:11:11', 50.921, 0.000, 20.623, 31.904, 26.8099, NULL, NULL, NULL, NULL),
(5625, 'COFF-CALINO*0', '65478932', 'COFFRET CALINO HYPOALLERGENIQUE', '0.000', 1, 19.000, '2025-03-01 17:11:11', 76.541, 0.000, 61.998, 95.911, 80.5974, NULL, NULL, NULL, NULL),
(5626, 'CALOFFRESE*0', '1123214123', 'CALINO TROUSSE(SHAMP+EAU+LAIT+SAV)', '0.000', 1, 19.000, '2025-03-01 17:11:11', 34.272, 0.000, 27.760, 42.945, 36.088, NULL, NULL, NULL, NULL),
(5627, 'CALSACMAM*0', '2131454512', 'CALINO SAC MAMAN', '0.000', 1, 19.000, '2025-03-01 17:11:11', 119.952, 0.000, 97.161, 150.308, 126.309, NULL, NULL, NULL, NULL),
(5628, '60DEO*6', '6192003850363', 'CREME DEODORANTE FRUITE', '0.000', 14, 19.000, '2025-03-01 17:11:11', 33.815, 0.000, 1.956, 3.026, 2.5428, NULL, NULL, NULL, NULL),
(5629, '60DOU*12', '6192003850417', 'CREME DEODORANTE DEO', '0.000', 14, 19.000, '2025-03-01 17:11:11', 33.815, 0.000, 1.956, 3.026, 2.5428, NULL, NULL, NULL, NULL),
(5630, 'IH18*6', '4211125101497', 'BEURER AEROSOL', '0.000', 1, 19.000, '2025-03-01 17:11:11', 110.863, 0.000, 89.799, 138.919, 116.739, NULL, NULL, NULL, NULL),
(5631, '4715139600170*10', '4715139600170', 'CHAMBRE D\'INHILA  ADULTE(LARGE)', '0.000', 1, 19.000, '2025-03-01 17:11:11', 32.87, 0.000, 26.625, 41.189, 34.6125, NULL, NULL, NULL, NULL),
(5632, '00000250*10', '4715139600156', 'CHAMBRE D\'INHALA ENFANT(MOYEN)B-PH', '0.000', 1, 19.000, '2025-03-01 17:11:11', 32.87, 0.000, 26.625, 41.189, 34.6125, NULL, NULL, NULL, NULL),
(5633, '00000005*6', '6192422000424', 'DAHLIA MYCOLIN 100 ML', '0.000', 7, 19.000, '2025-03-01 17:11:11', 41.541, 0.000, 4.807, 7.436, 6.2491, NULL, NULL, NULL, NULL),
(5634, '00509*6', '6192422000509', 'DAHLIA CYTOLSUN BEIGE DORE SPF50+', '0.000', 2, 19.000, '2025-03-01 17:11:11', 70.208, 0.000, 28.434, 43.987, 36.9642, NULL, NULL, NULL, NULL),
(5635, '00974*6', '6192422000974', 'DAHLIA CYTOL LIGHT ECRAN SPF50+ 50ML', '0.000', 2, 19.000, '2025-03-01 17:11:11', 80.154, 0.000, 32.462, 50.219, 42.2006, NULL, NULL, NULL, NULL),
(5636, '00000166*6', '6192422000493', 'DAHLIA CYTOL SUN MIN BEIGE NATUREL 50 ML', '0.000', 3, 19.000, '2025-03-01 17:11:11', 70.196, 0.000, 18.953, 29.320, 24.6389, NULL, NULL, NULL, NULL),
(5637, '9900080*0', '6192430100284', 'CANNES CANADIENNES  GRIS', '0.000', 2, 19.000, '2025-03-01 17:11:11', 44.928, 0.000, 18.196, 28.149, 23.6548, NULL, NULL, NULL, NULL),
(5638, 'S031*0', '1212542', 'SERINGUE 3ML', '0.000', 100, 19.000, '2025-03-01 17:11:11', 17.36, 0.000, 0.141, 0.218, 0.1833, NULL, NULL, NULL, NULL),
(5639, '5011*0', '11123211123', 'SERINGUE 1ML INSULINE SOFAP', '0.000', 100, 19.000, '2025-03-01 17:11:11', 28.145, 0.000, 0.228, 0.353, 0.2964, NULL, NULL, NULL, NULL),
(5640, 'NC350*5', '6192463700406', 'NOIX DE COCO 3EN1 350ML', '0.000', 7, 19.000, '2025-03-01 17:11:11', 66.016, 0.000, 7.639, 11.818, 9.9307, NULL, NULL, NULL, NULL),
(5641, 'HVJ10ML*3', '6191450600781', 'B.O  HUILE DE JOJOBA 10ML', '0.000', 4, 19.000, '2025-03-01 17:11:11', 13.163, 0.000, 2.666, 4.124, 3.4658, NULL, NULL, NULL, NULL),
(5642, 'HVAR10*3', '6191450600835', 'B.O  HUILE D\'ARGAN 10ML', '0.000', 4, 19.000, '2025-03-01 17:11:11', 24.519, 0.000, 4.965, 7.681, 6.4545, NULL, NULL, NULL, NULL),
(5643, 'HVGB10*3', '6191450601221', 'B.O  HUILLE GERME DE BLE 10ML', '0.000', 4, 19.000, '2025-03-01 17:11:11', 23.437, 0.000, 4.746, 7.342, 6.1698, NULL, NULL, NULL, NULL),
(5644, 'HVNIG1*3', '6191450600729', 'B.O  HUILE DE NIGELLE 10ML', '0.000', 4, 19.000, '2025-03-01 17:11:11', 11.178, 0.000, 2.264, 3.502, 2.9432, NULL, NULL, NULL, NULL),
(5645, 'HVNOI1*3', '6191450600798', 'B.O  HUILE DE NOISETTE 10ML', '0.000', 4, 19.000, '2025-03-01 17:11:11', 11.178, 0.000, 2.264, 3.502, 2.9432, NULL, NULL, NULL, NULL),
(5646, 'HVCA10*3', '6191450601894', 'B.O  HUILE DE CAROTTE 10ML', '0.000', 4, 19.000, '2025-03-01 17:11:11', 11.178, 0.000, 2.264, 3.502, 2.9432, NULL, NULL, NULL, NULL),
(5647, 'HVAV10*3', '6191450601245', 'B.O HUILE AVOCAT 10ML', '0.000', 4, 19.000, '2025-03-01 17:11:11', 24.337, 0.000, 4.928, 7.624, 6.4064, NULL, NULL, NULL, NULL),
(5648, 'HVL10ML*3', '6191450600736', 'B.O  HUILE DE LIN 10ML', '0.000', 4, 19.000, '2025-03-01 17:11:11', 11.178, 0.000, 2.264, 3.502, 2.9432, NULL, NULL, NULL, NULL),
(5649, 'HETT10*6', '6191450600200', 'B.O  HUILE ESS ARBRE THE 10ML', '0.000', 7, 19.000, '2025-03-01 17:11:11', 90.143, 0.000, 10.431, 16.137, 13.5603, NULL, NULL, NULL, NULL),
(5650, 'HEL10ML*6', '6191450600149', 'B.O HUILE ESS LAVANDE 10ML', '0.000', 1, 19.000, '2025-03-01 17:11:11', 20.481, 0.000, 16.590, 25.665, 21.567, NULL, NULL, NULL, NULL),
(5651, 'CP00101*10', '6192009700563', 'COMPRESSE STERILE 20CM*20CM K.F', '0.000', 2, 19.000, '2025-03-01 17:11:11', 4.355, 0.000, 1.764, 2.729, 2.2932, NULL, NULL, NULL, NULL),
(5652, 'CP00102*10', '6192009700570', 'COMPRESSE STERILE 30CM*30CM K.F', '0.000', 2, 19.000, '2025-03-01 17:11:11', 8.25, 0.000, 3.341, 5.169, 4.3433, NULL, NULL, NULL, NULL),
(5653, 'S081*0', '2121455', 'SERINGUE SUPER FINE 0.5ML', '0.000', 20, 19.000, '2025-03-01 17:11:11', 7.437, 0.000, 0.301, 0.466, 0.3913, NULL, NULL, NULL, NULL),
(5654, '0110000034*0', '741259863', 'STM GANT LATEX ELAF L', '0.000', 1, 19.000, '2025-03-01 17:11:11', 14.274, 0.000, 11.562, 17.886, 15.0306, NULL, NULL, NULL, NULL),
(5655, '011000005*0', '6191710037852', 'STM MASQ 3 PLIS', '0.000', 1, 19.000, '2025-03-01 17:11:11', 12.132, 0.000, 9.827, 15.202, 12.7751, NULL, NULL, NULL, NULL),
(5656, 'MEGAPLAST1*0', 'MEGA5X3', 'MEGA BANDE GAZ 5CM*3M', '0.000', 10, 19.000, '2025-03-01 17:11:11', 2.879, 0.000, 0.233, 0.360, 0.3029, NULL, NULL, NULL, NULL),
(5657, 'CT00302*10', '6192009700600', 'BANDLUX COTON 50GR', '0.000', 11, 19.000, '2025-03-01 17:11:11', 19.56, 0.000, 1.440, 2.228, 1.872, NULL, NULL, NULL, NULL),
(5658, 'PS00107*10', '2121358', 'BANDLUX BANDAGE 7 CM X 3 M K.F', '0.000', 12, 19.000, '2025-03-01 17:11:11', 25.247, 0.000, 1.704, 2.636, 2.2152, NULL, NULL, NULL, NULL),
(5659, 'PS00107*10', '2121358', 'BANDLUX BANDAGE 7 CM X 3 M K.F', '0.000', 1, 19.000, '2025-03-01 17:11:11', 0, 0.000, 0.000, 0.000, 0, NULL, NULL, NULL, NULL),
(5660, 'CT00301*10', '6192009700594', 'BANDLUX COTON 25GR', '0.000', 11, 19.000, '2025-03-01 17:11:11', 10.379, 0.000, 0.764, 1.182, 0.9932, NULL, NULL, NULL, NULL),
(5661, 'JT01026*0', '6192006703734', 'BABIROSE 50 COTON-TIGES SECURITE', '0.000', 7, 19.000, '2025-03-01 17:11:11', 13.874, 0.000, 1.605, 2.483, 2.0865, NULL, NULL, NULL, NULL),
(5662, '34558*0', '6196191234558', 'AME SCRUB MASK ROSE MUSQUEE', '0.000', 4, 19.000, '2025-03-01 17:11:11', 111.223, 0.000, 22.523, 34.843, 29.2799, NULL, NULL, NULL, NULL),
(5663, '34557*0', '6196191234557', 'AME SCRUB MASK FIGUE DE BARBARIE', '0.000', 4, 19.000, '2025-03-01 17:11:11', 111.223, 0.000, 22.523, 34.843, 29.2799, NULL, NULL, NULL, NULL),
(5664, 'P200530001*6', '4037566001550', 'BABY PUR ASPIRATEUR NASAL EMBOUT FLEXIBL', '0.000', 4, 19.000, '2025-03-01 17:11:11', 23.867, 0.000, 4.833, 7.477, 6.2829, NULL, NULL, NULL, NULL),
(5665, 'P200210001*6', '4037566001529', 'BABY PUR ASPIRATEUR NASAL EMBOUT STANDARD', '0.000', 3, 19.000, '2025-03-01 17:11:11', 10.472, 0.000, 2.827, 4.373, 3.6751, NULL, NULL, NULL, NULL),
(5666, 'NUK10255047*0', '4008600082545', 'NUK COUVERT 2 PIECES', '0.000', 1, 19.000, '2025-03-01 17:11:11', 11.312, 0.000, 9.163, 14.175, 11.9119, NULL, NULL, NULL, NULL),
(5667, '74/027BL*6', '5901691852327', '74/027 BLUE BAVOIR SILICONE AVEC POCHE BONJOUR PARIS BLEU', '0.000', 1, 19.000, '2025-03-01 17:11:11', 23.104, 0.000, 18.714, 28.951, 24.3282, NULL, NULL, NULL, NULL),
(5668, '74/027*0', '5901691852334', 'CANPOL BAVOIR SILICONE', '0.000', 1, 19.000, '2025-03-01 17:11:11', 23.104, 0.000, 18.714, 28.951, 24.3282, NULL, NULL, NULL, NULL),
(5669, '74/027BE*6', '5901691852341', '74/027 BEI BAVOIR SILICONE AVEC POCHE BONJOUR PARIS BEIGE', '0.000', 1, 19.000, '2025-03-01 17:11:11', 23.104, 0.000, 18.714, 28.951, 24.3282, NULL, NULL, NULL, NULL),
(5670, '0003*0', '6192011812490', 'MOUCHOIRS LILAS NETT', '0.000', 3, 19.000, '2025-03-01 17:11:11', 10.943, 0.000, 2.955, 4.571, 3.8415, NULL, NULL, NULL, NULL),
(5671, 'CABV41129*6', '5903407421025', 'GEI BIBRON VERRE 120 ML 3M+', '0.000', 4, 19.000, '2025-03-01 17:11:11', 36.266, 0.000, 7.344, 11.361, 9.5472, NULL, NULL, NULL, NULL),
(5672, 'CABV41129*6', '5903407421025', 'GEI BIBRON VERRE 120 ML 3M+', '0.000', 3, 19.000, '2025-03-01 17:11:11', 18.133, 0.000, 4.896, 7.574, 6.3648, NULL, NULL, NULL, NULL),
(5673, 'NUK10124027*0', '4008600419549', 'NUK 2 TETINES NATURE SENS L', '0.000', 2, 19.000, '2025-03-01 17:11:11', 31.859, 0.000, 12.903, 19.961, 16.7739, NULL, NULL, NULL, NULL),
(5674, 'CABP41071*6', '5903407118239', 'GEI BIBERON A ANSES TRITAN 120 ML HAPPY ANIMALS BPA0%', '0.000', 7, 19.000, '2025-03-01 17:11:11', 59.198, 0.000, 6.850, 10.597, 8.905, NULL, NULL, NULL, NULL),
(5675, '5842*0', '6192400658128', 'NANA PROTEG SLIPS NRL PARF', '0.000', 3, 19.000, '2025-03-01 17:11:11', 9.654, 0.000, 2.607, 4.033, 3.3891, NULL, NULL, NULL, NULL),
(5676, '5843*0', '6192400658135', 'NANA PROTEG SLIPS LONG PARF', '0.000', 3, 19.000, '2025-03-01 17:11:11', 9.654, 0.000, 2.607, 4.033, 3.3891, NULL, NULL, NULL, NULL),
(5677, '72001*6', '8859140172014', 'PUR MICRO BIBERON PP', '0.000', 7, 19.000, '2025-03-01 17:11:11', 31.416, 0.000, 3.635, 5.623, 4.7255, NULL, NULL, NULL, NULL),
(5678, '72071*6', '8859140172717', 'PUR TETINE SILICONE LARGE 2 AGE', '0.000', 7, 19.000, '2025-03-01 17:11:11', 17.85, 0.000, 2.066, 3.196, 2.6858, NULL, NULL, NULL, NULL),
(5679, '10051-00-023*5', '8859140172601', 'BABY PUR TETINE SILICONE 1ER AGE', '0.000', 7, 19.000, '2025-03-01 17:11:11', 11.924, 0.000, 1.380, 2.135, 1.794, NULL, NULL, NULL, NULL),
(5680, '72031*6', '8859140172311', 'PUR BIB PP-GIRAFE AVEC ANSES 250 ML', '0.000', 7, 19.000, '2025-03-01 17:11:11', 53.8, 0.000, 6.225, 9.630, 8.0925, NULL, NULL, NULL, NULL),
(5681, '78004*6', '8859140178047', 'BABY PUR TASSE MAGIC 360° AVEC ANSES', '0.000', 1, 19.000, '2025-03-01 17:11:11', 12.566, 0.000, 10.178, 15.745, 13.2314, NULL, NULL, NULL, NULL),
(5682, '78004*6', '8859140178047', 'BABY PUR TASSE MAGIC 360° AVEC ANSES', '0.000', 1, 19.000, '2025-03-01 17:11:11', 12.566, 0.000, 10.178, 15.745, 13.2314, NULL, NULL, NULL, NULL),
(5683, '614*8', '8859258606142', 'BAMBINI BIB LARGE EN VERRE 240ML', '0.000', 1, 19.000, '2025-03-01 17:11:11', 8.968, 0.000, 7.264, 11.237, 9.4432, NULL, NULL, NULL, NULL),
(5684, '614*8', '8859258606142', 'BAMBINI BIB LARGE EN VERRE 240ML', '0.000', 1, 19.000, '2025-03-01 17:11:11', 8.968, 0.000, 7.264, 11.237, 9.4432, NULL, NULL, NULL, NULL),
(5685, '07000000021*0', '123641001', 'STM VESSIE A GLACE 15CM', '0.000', 2, 19.000, '2025-03-01 17:11:11', 40.441, 0.000, 16.379, 25.338, 21.2927, NULL, NULL, NULL, NULL),
(5686, '00006569100000*0', '8058664011926', 'CHICCO BROSSE ET PEIGNE ROSE', '0.000', 1, 19.000, '2025-03-01 17:11:11', 28.788, 0.000, 23.318, 36.073, 30.3134, NULL, NULL, NULL, NULL),
(5687, '00005912100000*0', '8058664009916', 'CHICCO CISEAUX ROSE', '0.000', 1, 19.000, '2025-03-01 17:11:11', 16.526, 0.000, 13.386, 20.708, 17.4018, NULL, NULL, NULL, NULL),
(5688, '1032/AS*0', '4008576376914', 'TITANIA LIME EMERISEES 18CM', '0.000', 1, 19.000, '2025-03-01 17:11:11', 7.858, 0.000, 6.365, 9.847, 8.2745, NULL, NULL, NULL, NULL),
(5689, '1032B*0', '4008576010320', 'TITANIA LIME EMERISEES', '0.000', 1, 19.000, '2025-03-01 17:11:11', 4.971, 0.000, 4.027, 6.230, 5.2351, NULL, NULL, NULL, NULL),
(5690, '1091*6', '4008576384285', '1091/53RG B COUPE ONGLES D\'ORTEILS 8 CM ROSE/GOLD', '0.000', 1, 19.000, '2025-03-01 17:11:11', 13.937, 0.000, 11.289, 17.464, 14.6757, NULL, NULL, NULL, NULL),
(5691, '00074911110000*6', '8058664059010', 'CHICCO SUCETTE CONFORT ROSE 0-6M', '0.000', 3, 19.000, '2025-03-01 17:11:11', 49.266, 0.000, 13.302, 20.578, 17.2926, NULL, NULL, NULL, NULL),
(5692, '00074911210000*6', '8058664059034', 'CHICCO SUCETTE PH CONFORT BLEU 0-6M', '0.000', 4, 19.000, '2025-03-01 17:11:11', 49.266, 0.000, 9.976, 15.433, 12.9688, NULL, NULL, NULL, NULL),
(5693, '1052-2MEN*0', '4008576316880', 'TITANIA MEN B COUPE ONGLES', '0.000', 1, 19.000, '2025-03-01 17:11:11', 12.075, 0.000, 9.781, 15.131, 12.7153, NULL, NULL, NULL, NULL),
(5694, '1050-9*0', '4008576317276', 'TITANIA MEN CISEAUX POUR MOUSTACHES', '0.000', 1, 19.000, '2025-03-01 17:11:11', 17.707, 0.000, 14.343, 22.189, 18.6459, NULL, NULL, NULL, NULL),
(5695, '02020*5', '6943532400020', 'ACCUTHERM THERMOMETRE DIGITAL', '0.000', 7, 19.000, '2025-03-01 17:11:11', 44.704, 0.000, 5.173, 8.003, 6.7249, NULL, NULL, NULL, NULL),
(5696, '00074913210000*0', '8058664059058', 'CHICCO SUCETTE PH CONFORT BLEU 6-12M', '0.000', 3, 19.000, '2025-03-01 17:11:11', 49.266, 0.000, 13.302, 20.578, 17.2926, NULL, NULL, NULL, NULL),
(5697, '41749131102*0', '8058664059041', 'CHICCO SUCETTE PH CONFORT ROSE 6-16M', '0.000', 4, 19.000, '2025-03-01 17:11:11', 49.266, 0.000, 9.976, 15.433, 12.9688, NULL, NULL, NULL, NULL),
(5698, 'DEAMB*0', '44445545', 'DEAMBULATEUR', '0.000', 1, 19.000, '2025-03-01 17:11:11', 92.448, 0.000, 74.883, 115.844, 97.3479, NULL, NULL, NULL, NULL),
(5699, 'BD19074*6', '8850596953028', 'BABY PUR COUSSINETS D\'ALLAITEMENT', '0.000', 7, 19.000, '2025-03-01 17:11:11', 71.043, 0.000, 8.221, 12.718, 10.6873, NULL, NULL, NULL, NULL),
(5700, '112000011*0', '6192011813381', 'LILAS PROTECT ADULT PANTS LARGE 10', '0.000', 2, 19.000, '2025-03-02 00:03:36', 45.518, 0.000, 18.435, 28.519, 23.9655, NULL, NULL, NULL, NULL),
(5701, '111700016*0', '6192011812469', 'LILAS CONFORT MAX TAILLE 4  9-18', '0.000', 5, 19.000, '2025-03-02 00:03:36', 96.459, 0.000, 15.626, 24.173, 20.3138, NULL, NULL, NULL, NULL),
(5702, '4477*0', '6192400644770', 'PEAUDOUCE T4 9/18 KG', '0.000', 1, 19.000, '2025-03-02 00:03:36', 18.635, 0.000, 15.094, 23.350, 19.6222, NULL, NULL, NULL, NULL),
(5703, '111700015*0', '6192011812452', 'LILAS CONFORT TAILLE 3 5-10KG', '0.000', 5, 19.000, '2025-03-02 00:03:36', 96.459, 0.000, 15.626, 24.173, 20.3138, NULL, NULL, NULL, NULL),
(5704, '360STD*0', '8698771821829', 'WICROMED CHERVILLERE LIGAMENTAIRE', '0.000', 1, 19.000, '2025-03-02 00:03:36', 41.69, 0.000, 33.769, 52.241, 43.8997, NULL, NULL, NULL, NULL),
(5705, '161*0', '8698771803924', 'WICROMED SANGLE CLAVICULAIRE', '0.000', 1, 19.000, '2025-03-02 00:03:36', 32.424, 0.000, 26.263, 40.629, 34.1419, NULL, NULL, NULL, NULL),
(5706, '160M*0', '8698771825766', 'WICROMED SUPPORT DE BRAS  D\'EPONGE TAILLE M', '0.000', 1, 19.000, '2025-03-02 00:03:36', 23.625, 0.000, 19.136, 29.603, 24.8768, NULL, NULL, NULL, NULL),
(5707, '207G*0', '8698771826091', 'WICROMED ATELLE DE POIGNET POUCE AVEC BALEINE GAUCHE', '0.000', 1, 19.000, '2025-03-02 00:03:36', 23.467, 0.000, 19.008, 29.405, 24.7104, NULL, NULL, NULL, NULL),
(5708, 'SN250ML*6', '6191450601818', 'B.O VINAIGRE FIGUE DE BARBARIE SLIMNAT 250ML', '0.000', 16, 19.000, '2025-03-02 00:03:36', 221.149, 0.000, 11.196, 17.320, 14.5548, NULL, NULL, NULL, NULL),
(5709, '826329*0', '8698771826329', 'WICROMED ATTELELLE DE DOIGT', '0.000', 1, 19.000, '2025-03-02 00:03:36', 23.99, 0.000, 19.432, 30.061, 25.2616, NULL, NULL, NULL, NULL),
(5710, '2024*4', '6199106103860', 'JOUVENCE EAU FLORALE', '0.000', 7, 19.000, '2025-03-02 00:03:36', 132.613, 0.000, 15.345, 23.739, 19.9485, NULL, NULL, NULL, NULL),
(5711, 'SVARBO*6', '6191450600972', 'B.O SAVON ARGAN', '0.000', 2, 19.000, '2025-03-02 00:03:36', 9.494, 0.000, 3.845, 5.948, 4.9985, NULL, NULL, NULL, NULL),
(5712, 'SVFBBO*6', '6191450601030', 'B.O SAVON FIGUE DE BARBARIE', '0.000', 2, 19.000, '2025-03-02 00:03:36', 9.496, 0.000, 3.846, 5.950, 4.9998, NULL, NULL, NULL, NULL),
(5713, 'SVADBO*6', '6191450601016', 'B.O  SAVON AMANDE DOUCE', '0.000', 2, 19.000, '2025-03-02 00:03:36', 9.496, 0.000, 3.846, 5.950, 4.9998, NULL, NULL, NULL, NULL),
(5714, 'VITE10ML*3', '6191450602242', 'B.O VITAMINE E 10ML', '0.000', 4, 19.000, '2025-03-02 00:03:36', 40.862, 0.000, 8.275, 12.801, 10.7575, NULL, NULL, NULL, NULL),
(5715, 'SVNGBO*6', '6191450602785', 'B.O SAV PEPINS DE GRENADE', '0.000', 1, 19.000, '2025-03-02 00:03:36', 0, 0.000, 0.000, 0.000, 0, NULL, NULL, NULL, NULL),
(5716, 'HVNC10*3', '6191450600774', 'B.O  HUILE DE NOIX DE COCO 10ML', '0.000', 4, 19.000, '2025-03-02 00:03:36', 14.904, 0.000, 3.018, 4.669, 3.9234, NULL, NULL, NULL, NULL),
(5717, 'HVAIL1*3', '6191450600217', 'B.O  HUILE D\'AIL 10ML', '0.000', 4, 19.000, '2025-03-02 00:03:36', 14.904, 0.000, 3.018, 4.669, 3.9234, NULL, NULL, NULL, NULL),
(5718, '625253*0', '6192483625253', 'GO OUT STOP VERRUES', '0.000', 6, 19.000, '2025-03-02 00:03:36', 70.847, 0.000, 9.564, 14.796, 12.4332, NULL, NULL, NULL, NULL),
(5719, '265XXL*0', '8697820276283', 'WICROMED CEINTURE ABDOMINAL ELASTIQUE RENFORCéE TAILLE XXL', '0.000', 1, 19.000, '2025-03-02 00:03:36', 41.69, 0.000, 33.769, 52.241, 43.8997, NULL, NULL, NULL, NULL),
(5720, '250XXXL*0', '8697820276412', 'WICROMED CEINTURE LOMBAIRE RENFORCéE DOUBLE SERRAGE TAILLE XXXL', '0.000', 1, 19.000, '2025-03-02 00:03:36', 45.315, 0.000, 36.705, 56.783, 47.7165, NULL, NULL, NULL, NULL),
(5721, '300-1*0', '8697820273923', 'WICROMED GENOUILLERE ARTICULEE TAILLE M', '0.000', 1, 19.000, '2025-03-02 00:03:36', 37.89, 0.000, 30.691, 47.479, 39.8983, NULL, NULL, NULL, NULL),
(5722, '355*0', '8698771821843', 'WICROMED CHERVILLERE ARTICULEE', '0.000', 1, 19.000, '2025-03-02 00:03:36', 27.608, 0.000, 22.362, 34.594, 29.0706, NULL, NULL, NULL, NULL),
(5723, '335*0', '8698771803894', 'wicromed genouillere simple taille xl', '0.000', 1, 19.000, '2025-03-02 00:03:36', 12.75, 0.000, 10.328, 15.977, 13.4264, NULL, NULL, NULL, NULL),
(5724, '161*0', '8698771803924', 'WICROMED SANGLE CLAVICULAIRE', '0.000', 1, 19.000, '2025-03-02 00:03:36', 32.424, 0.000, 26.263, 40.629, 34.1419, NULL, NULL, NULL, NULL),
(5725, '34566*0', '6196191234566', 'AME MOUSSE NETOY VIT C+', '0.000', 4, 19.000, '2025-03-02 00:03:36', 134.822, 0.000, 27.301, 42.235, 35.4913, NULL, NULL, NULL, NULL),
(5726, 'ALANIA3*6', '6192482800163', 'ALANIA R.P MASQUE CAPILLAIRE 150GR', '0.000', 1, 19.000, '2025-03-02 00:03:36', 30.952, 0.000, 25.071, 38.785, 32.5923, NULL, NULL, NULL, NULL),
(5727, 'AME-HUIL1*0', '211611235445', 'AME HUILE SECHE', '0.000', 4, 19.000, '2025-03-02 00:03:36', 247.177, 0.000, 50.053, 77.432, 65.0689, NULL, NULL, NULL, NULL),
(5728, 'JT01007*6', '6192006701044', 'BABIROSE POUDRE DE TOILETTE 100GR', '0.000', 7, 19.000, '2025-03-02 00:03:36', 16.235, 0.000, 1.879, 2.907, 2.4427, NULL, NULL, NULL, NULL),
(5729, '6192482800613*6', '6192482800613', 'ALANIA ROSE BOISEE', '0.000', 3, 19.000, '2025-03-02 00:03:36', 107.636, 0.000, 29.062, 44.959, 37.7806, NULL, NULL, NULL, NULL),
(5730, 'ALANIA33*6', '6192482800200', 'ALANIA EAU MIC  250 ML PURTE+VIT C', '0.000', 2, 19.000, '2025-03-02 00:03:36', 51.836, 0.000, 20.994, 32.478, 27.2922, NULL, NULL, NULL, NULL),
(5731, 'G77107*0', '6192001377107', 'ASTUS TERMO PROTECT CHEVEUX 150ML', '0.000', 7, 19.000, '2025-03-02 00:03:36', 79.135, 0.000, 9.157, 14.166, 11.9041, NULL, NULL, NULL, NULL),
(5733, 'JT01015*11', '6192006703062', 'BABIROSE LINGETTE 72 PIECES', '0.000', 14, 19.000, '2025-03-02 00:03:36', 55.394, 0.000, 3.205, 4.958, 4.1665, NULL, NULL, NULL, NULL),
(5734, 'ALANIA555*6', '6192482800224', 'ALANIA SERUM DUO', '0.000', 2, 19.000, '2025-03-02 00:03:36', 124.236, 0.000, 50.316, 77.839, 65.4108, NULL, NULL, NULL, NULL),
(5735, 'ALANIA1*6', '6192482800101', 'ALANIA SERUM CAPILLAIRE VIT E', '0.000', 1, 19.000, '2025-03-02 00:03:36', 32.344, 0.000, 26.199, 40.530, 34.0587, NULL, NULL, NULL, NULL),
(5736, 'ALANIA545*6', '6192482800194', 'ALANIA MOUSSE NETT150 ML PURTE+VIT C', '0.000', 1, 19.000, '2025-03-02 00:03:36', 31.38, 0.000, 25.418, 39.322, 33.0434, NULL, NULL, NULL, NULL),
(5737, 'NUK10256504*0', '4008600421481', 'NUK GOUPILLON SOFT 2EN1 BOUT EPONGE', '0.000', 2, 19.000, '2025-03-02 00:03:37', 32.138, 0.000, 13.016, 20.136, 16.9208, NULL, NULL, NULL, NULL),
(5738, '112100003*0', '6192011804556', 'LILAS ANTI-ODEURS ADULTE LARGE', '0.000', 2, 19.000, '2025-03-02 00:03:37', 57.579, 0.000, 23.319, 36.074, 30.3147, NULL, NULL, NULL, NULL),
(5739, '110000066*0', '6192011809612', 'LILAS MATERNITE SUPER 15', '0.000', 3, 19.000, '2025-03-02 00:03:37', 13.74, 0.000, 3.710, 5.739, 4.823, NULL, NULL, NULL, NULL),
(5740, '110000052*0', '6192011809605', 'LILAS CLIP  NUIT N8', '0.000', 3, 19.000, '2025-03-02 00:03:37', 8.448, 0.000, 2.281, 3.529, 2.9653, NULL, NULL, NULL, NULL),
(5741, '110000016*0', '6192011809339', 'LILAS ULTRA SUPER N8', '0.000', 3, 19.000, '2025-03-02 00:03:37', 10.185, 0.000, 2.750, 4.254, 3.575, NULL, NULL, NULL, NULL),
(5742, '110000072*0', '6192011809582', 'LILAS CLIPS NORMAL N10', '0.000', 2, 19.000, '2025-03-02 00:03:37', 5.419, 0.000, 2.195, 3.396, 2.8535, NULL, NULL, NULL, NULL),
(5743, '110000015*0', '6192011809322', 'LILAS ULTRA NORMAL N9', '0.000', 3, 19.000, '2025-03-02 00:03:37', 10.185, 0.000, 2.750, 4.254, 3.575, NULL, NULL, NULL, NULL),
(5744, '110000017*0', '6192011809346', 'LILAS ULTRA NUIT N7', '0.000', 3, 19.000, '2025-03-02 00:03:37', 10.185, 0.000, 2.750, 4.254, 3.575, NULL, NULL, NULL, NULL),
(5745, '111700013*0', '6192011812438', 'LILAS CONFORT TAILLE 1 2-4KG', '0.000', 3, 19.000, '2025-03-02 00:03:37', 43.059, 0.000, 11.626, 17.985, 15.1138, NULL, NULL, NULL, NULL),
(5746, 'BD12620*6', '8850596351077', 'BABY PUR ATTACHE SUCETTE', '0.000', 3, 19.000, '2025-03-02 00:03:37', 19.299, 0.000, 5.211, 8.061, 6.7743, NULL, NULL, NULL, NULL),
(5747, 'BD12600*6', '8850596940165', 'BABY PUR CLIP+CHAINETTE', '0.000', 3, 19.000, '2025-03-02 00:03:37', 19.299, 0.000, 5.211, 8.061, 6.7743, NULL, NULL, NULL, NULL),
(5748, '75900*6', '8850596759002', 'BABY PUR CLIP+CHAINETTE', '0.000', 1, 19.000, '2025-03-02 00:03:37', 0, 0.000, 0.000, 0.000, 0, NULL, NULL, NULL, NULL),
(5749, '76801*6', '8850596768011', 'BABY PUR CUILLERE CHATON EN SILICONE', '0.000', 7, 19.000, '2025-03-02 00:03:37', 37.102, 0.000, 4.293, 6.641, 5.5809, NULL, NULL, NULL, NULL),
(5750, 'BD60073*6', '8850596965021', 'BABY PUR CISEAUX DECORES', '0.000', 4, 19.000, '2025-03-02 00:03:37', 19.092, 0.000, 3.866, 5.981, 5.0258, NULL, NULL, NULL, NULL),
(5751, 'PT-S008C*6', '8850596000081', 'BABY PUR CISEAUX à BOUTS RONDS', '0.000', 2, 19.000, '2025-03-02 00:03:37', 10.601, 0.000, 4.293, 6.641, 5.5809, NULL, NULL, NULL, NULL),
(5752, 'PT-S003C*6', '8850596000036', 'BABY PUR COUPE A BOUTS RONDS', '0.000', 1, 19.000, '2025-03-02 00:03:37', 0, 0.000, 0.000, 0.000, 0, NULL, NULL, NULL, NULL),
(5753, 'BD12275*6', '8850596122752', 'BABY PUR ANNEAU DE DENTITION FRAGOLA', '0.000', 1, 19.000, '2025-03-02 00:03:37', 7.867, 0.000, 6.372, 9.857, 8.2836, NULL, NULL, NULL, NULL),
(5754, 'BD10019*6', '8850596100194', 'BABY PUR ANNEAU DE DENTITION CITRON', '0.000', 1, 19.000, '2025-03-02 00:03:37', 7.867, 0.000, 6.372, 9.857, 8.2836, NULL, NULL, NULL, NULL),
(5755, 'BD10200*6', '8850596102006', 'BABY PUR ANNEAU DE DENTITION PANDA', '0.000', 1, 19.000, '2025-03-02 00:03:37', 7.967, 0.000, 6.453, 9.983, 8.3889, NULL, NULL, NULL, NULL),
(5756, 'S5-3670*6', '8850596940189', 'BABY PUR PREMIUM ANNEAU MULTICOLOR', '0.000', 1, 19.000, '2025-03-02 00:03:37', 6.333, 0.000, 5.130, 7.936, 6.669, NULL, NULL, NULL, NULL),
(5757, 'BD10177*6', '8850596101771', 'BABY PUR ANNEAU DE DENTITION RENARD', '0.000', 1, 19.000, '2025-03-02 00:03:37', 7.967, 0.000, 6.453, 9.983, 8.3889, NULL, NULL, NULL, NULL),
(5758, 'BD10191*6', '8850596101917', 'BABY PUR ANNEAU DINOSAUR', '0.000', 1, 19.000, '2025-03-02 00:03:37', 9.002, 0.000, 7.292, 11.281, 9.4796, NULL, NULL, NULL, NULL),
(5759, 'S5-3620*6', '8850596410156', 'BABY PUR ANNEAU DE DENTITION', '0.000', 1, 19.000, '2025-03-02 00:03:37', 0, 0.000, 0.000, 0.000, 0, NULL, NULL, NULL, NULL),
(5760, 'ABC02909*0', '010370112770193710', 'WICROMED CANNE CANADIENNE (PAIRE)', '0.000', 1, 19.000, '2025-03-02 00:03:37', 48.6, 0.000, 39.366, 60.899, 51.1758, NULL, NULL, NULL, NULL),
(5761, 'S1-0206*6', '8850596952021', 'BABY PUR SUCETTE SPORTY 2 EME AGE', '0.000', 3, 19.000, '2025-03-02 00:03:37', 13.902, 0.000, 3.754, 5.807, 4.8802, NULL, NULL, NULL, NULL),
(5762, '74002*6', '8850596740024', 'BABY PUR SUCETTE WONDERFUL 2EME AGE', '0.000', 1, 19.000, '2025-03-02 00:03:37', 4.76, 0.000, 3.856, 5.965, 5.0128, NULL, NULL, NULL, NULL),
(5763, '75002*6', '8850596750023', 'BABY PUR SUCETTE HAPPY 2EME AGE', '0.000', 1, 19.000, '2025-03-02 00:03:37', 4.76, 0.000, 3.856, 5.965, 5.0128, NULL, NULL, NULL, NULL),
(5764, '40650*6', '4000821406506', 'BABY PUR SUCETTE GRAFFEITI 0-6M', '0.000', 1, 19.000, '2025-03-02 00:03:37', 4.76, 0.000, 3.856, 5.965, 5.0128, NULL, NULL, NULL, NULL),
(5765, '40649*6', '4000821406490', 'BABY PUR SUCETTE LOVELY 0M+', '0.000', 1, 19.000, '2025-03-02 00:03:37', 0, 0.000, 0.000, 0.000, 0, NULL, NULL, NULL, NULL),
(5766, '0600000046*0', '123456657', 'STM CANNE CANADIENNE ALUMINIUM', '0.000', 1, 19.000, '2025-03-02 00:03:37', 21.082, 0.000, 17.076, 26.417, 22.1988, NULL, NULL, NULL, NULL),
(5767, 'CANQUAD*0', '44112223321', 'CANNE QUADRIOPODE', '0.000', 1, 19.000, '2025-03-02 00:03:37', 34.56, 0.000, 27.994, 43.307, 36.3922, NULL, NULL, NULL, NULL),
(5768, '5903416013594*12', '5903416013594', 'VARITE LASHES SHOW MASCARA PACK 11PCS+ 1 TESTEUR', '0.000', 1, 19.000, '2025-03-02 00:03:37', 290.284, 0.000, 235.130, 363.746, 305.669, NULL, NULL, NULL, NULL),
(5769, '00009163000000*0', '8058664080182', 'CHICCO LINGETTE 72 PC', '0.000', 2, 19.000, '2025-03-02 00:03:37', 29.245, 0.000, 11.844, 18.323, 15.3972, NULL, NULL, NULL, NULL);
INSERT INTO `produits` (`id`, `reference`, `code_barre`, `title`, `discount`, `quantity`, `tva`, `created_at`, `prix_dachat`, `marge_beneficier`, `prix_unitaire_ht`, `prix_unitaire_ttc`, `prix_vente_ht`, `brand`, `image_url`, `categorie`, `gamme`) VALUES
(5770, 'SZ5*5', '6192016401644', 'SUCRE ZINA A LA ROSE 200G', '0.000', 4, 19.000, '2025-03-02 00:03:37', 12.813, 0.000, 2.595, 4.014, 3.3735, NULL, NULL, NULL, NULL),
(5771, 'SZ1*5', '6192016401002', 'SUCRE ZINA EN POT DE 200G', '0.000', 3, 19.000, '2025-03-02 00:03:37', 9.211, 0.000, 2.487, 3.847, 3.2331, NULL, NULL, NULL, NULL),
(5772, 'AL150*6', '78787845', 'ALCOOL MODIFIE BIO 70° 150ml (benpharma)', '0.000', 14, 19.000, '2025-03-02 00:03:37', 46.481, 0.000, 2.689, 4.160, 3.4957, NULL, NULL, NULL, NULL),
(5773, '00000197*7', 'Q50', 'ALCCOL DE MENTHE BIO PURE 60 ML B-PH', '0.000', 7, 19.000, '2025-03-02 00:03:37', 18.384, 0.000, 2.127, 3.290, 2.7651, NULL, NULL, NULL, NULL),
(5774, 'ABC02906*0', '4124142121', 'WICROMED CHAISE ROULANT SIMPLE', '0.000', 1, 19.000, '2025-03-02 00:03:37', 248.4, 0.000, 201.204, 311.263, 261.565, NULL, NULL, NULL, NULL),
(5775, '00000254*0', '46589523', 'SACHET BRETELLE GM B-PH', '0.000', 500, 19.000, '2025-03-02 00:03:37', 35.986, 0.000, 0.058, 0.090, 0.0754, NULL, NULL, NULL, NULL),
(5776, '105T0*0', '8697820276108', 'WICROMED COLLIER CERVICAL  NELSON', '0.000', 1, 19.000, '2025-03-02 00:03:37', 24.087, 0.000, 19.510, 30.182, 25.363, NULL, NULL, NULL, NULL),
(5777, 'G76001*0', '6192001376001', 'ASTUS PARFUM YVE LIBRE 30ML', '0.000', 7, 19.000, '2025-03-02 00:03:37', 77.943, 0.000, 9.019, 13.952, 11.7247, NULL, NULL, NULL, NULL),
(5778, 'G76063*0', '6192001376063', 'ASTUS PARFUM YOLE 30ML', '0.000', 7, 19.000, '2025-03-02 00:03:37', 77.943, 0.000, 9.019, 13.952, 11.7247, NULL, NULL, NULL, NULL),
(5779, 'G76049*0', '6192001376049', 'ASTUS PARFUM PERFECT GIRL 30ML', '0.000', 7, 19.000, '2025-03-02 00:03:37', 77.943, 0.000, 9.019, 13.952, 11.7247, NULL, NULL, NULL, NULL),
(5780, 'G76315*0', '6192001376315', 'ASTUS PARFUM SANDALO 30ML', '0.000', 7, 19.000, '2025-03-02 00:03:37', 77.943, 0.000, 9.019, 13.952, 11.7247, NULL, NULL, NULL, NULL),
(5781, 'G76186*0', '6192001376186', 'ASTUS PARFUM AURAGE SAGE 30ML', '0.000', 7, 19.000, '2025-03-02 00:03:37', 77.943, 0.000, 9.019, 13.952, 11.7247, NULL, NULL, NULL, NULL),
(5782, 'G76230*0', '6192001376230', 'ASTUS PARFUM INVICTOIRE 30ML', '0.000', 7, 19.000, '2025-03-02 00:03:37', 77.943, 0.000, 9.019, 13.952, 11.7247, NULL, NULL, NULL, NULL),
(5783, 'G76339*0', '6192001376339', 'ASTUS PARFUM TONKA 30ML', '0.000', 14, 19.000, '2025-03-02 00:03:37', 155.886, 0.000, 9.019, 13.952, 11.7247, NULL, NULL, NULL, NULL),
(5784, 'G76100*0', '6192001376100', 'ASTUS PARFUM INTER VENCHY 30ML', '0.000', 7, 19.000, '2025-03-02 00:03:37', 77.943, 0.000, 9.019, 13.952, 11.7247, NULL, NULL, NULL, NULL),
(5785, 'G76094*0', '6192001376094', 'ASTUS PARFUM GLOW 30ML', '0.000', 7, 19.000, '2025-03-02 00:03:37', 77.943, 0.000, 9.019, 13.952, 11.7247, NULL, NULL, NULL, NULL),
(5786, 'G76032*0', '6192001376032', 'ASTUS PARFUM YES RED 30ML', '0.000', 7, 19.000, '2025-03-02 00:03:37', 77.943, 0.000, 9.019, 13.952, 11.7247, NULL, NULL, NULL, NULL),
(5787, 'G76209*0', '6192001376209', 'ASTUS PARFUMHAZAR WANT 30ML', '0.000', 7, 19.000, '2025-03-02 00:03:37', 77.943, 0.000, 9.019, 13.952, 11.7247, NULL, NULL, NULL, NULL),
(5788, 'G76117*0', '6192001376117', 'ASTUS PARFUM RESISTENT 30ML', '0.000', 7, 19.000, '2025-03-02 00:03:37', 77.943, 0.000, 9.019, 13.952, 11.7247, NULL, NULL, NULL, NULL),
(5789, 'G76308*0', '6192001376308', 'ASTUS PARFUM DR ARGENT 30ML', NULL, 3, 0.000, '2025-03-02 00:03:37', 9, 0.000, 9.019, 13.952, 11.7247, 'SVR', NULL, 'Visage', 'Anti-tâches dépigmentants'),
(5790, 'G76285*0', '6192001376285', 'ASTUS PARFUM PAROLR MAGIQUE 30ML', '0.000', 7, 19.000, '2025-03-02 00:03:37', 77.943, 0.000, 9.019, 13.952, 11.7247, NULL, NULL, NULL, NULL),
(5791, 'G76124*0', '6192001376124', 'ASTUS PARFUM GUIREZ 30ML', '0.000', 7, 19.000, '2025-03-02 00:03:37', 77.943, 0.000, 9.019, 13.952, 11.7247, NULL, NULL, NULL, NULL),
(5792, 'G76155*0', '6192001376155', 'ASTUS PARFUM RONGER 30ML', '0.000', 4, 19.000, '2025-03-02 00:03:37', 77.943, 0.000, 9.019, 13.952, 11.7247, NULL, NULL, NULL, NULL),
(5793, 'G76261*0', '6192001376261', 'ASTUS PARFUM HERO BOOT 30ML', '0.000', 7, 19.000, '2025-03-02 00:03:37', 77.943, 0.000, 9.019, 13.952, 11.7247, NULL, NULL, NULL, NULL),
(5794, 'G76469*0', '6192001376469', 'ASTUS PARFUM GLOW GOLD 30ML', '0.000', 7, 19.000, '2025-03-02 00:03:37', 77.943, 0.000, 9.019, 13.952, 11.7247, NULL, NULL, NULL, NULL),
(5795, 'G76391*0', '6192001376391', 'ASTUS PARFUM TABACO MOOD 30ML', '0.000', 7, 19.000, '2025-03-02 00:03:37', 65.873, 0.000, 7.622, 11.791, 9.9086, NULL, NULL, NULL, NULL),
(5796, 'G76131*0', '6192001376131', 'ASTUS PARFUM NIGHT OR 30ML', '0.000', 7, 19.000, '2025-03-02 00:03:37', 77.943, 0.000, 9.019, 13.952, 11.7247, NULL, NULL, NULL, NULL),
(5797, 'G76360*0', '6192001376360', 'ASTUS PARFUM COOL 30ML', '0.000', 7, 19.000, '2025-03-02 00:03:37', 65.873, 0.000, 7.622, 11.791, 9.9086, NULL, NULL, NULL, NULL),
(5798, 'G76353*0', '6192001376353', 'ASTUS PARFUM FRESH 30ML', '0.000', 2, 19.000, '2025-03-02 00:03:37', 65.873, 0.000, 7.622, 11.791, 9.9086, NULL, NULL, NULL, NULL),
(5799, 'G76452*0', '6192001376452', 'ASTUS PARFUM HAIR SPLASH 30ML', '0.000', 7, 19.000, '2025-03-02 00:03:37', 77.943, 0.000, 9.019, 13.952, 11.7247, NULL, NULL, NULL, NULL),
(5800, 'G76018*0', '6192001376018', 'ASTUS PARFUM CANDEL 30ML', '0.000', 7, 19.000, '2025-03-02 00:03:37', 77.943, 0.000, 9.019, 13.952, 11.7247, NULL, NULL, NULL, NULL),
(5801, 'G76223*0', '6192001376223', 'ASTUS PARFUM EDP H KING 30ML', '0.000', 7, 19.000, '2025-03-02 00:03:37', 77.943, 0.000, 9.019, 13.952, 11.7247, NULL, NULL, NULL, NULL),
(5803, '0007391100000*0', '80586641295', 'CHICCO STERILISATEUR 3EN1 ', '0.000', 1, 19.000, '2025-03-02 02:15:02', 251.873, 0.000, 204.017, 315.614, 265.222, NULL, NULL, NULL, NULL),
(5804, '4777*0 ', '61924881047', 'INODERMA COFFRET ROUTINE CAPILLAIRE ', '0.000', 1, 19.000, '2025-03-02 02:15:02', 37.124, 0.000, 30.070, 46.518, 39.091, NULL, NULL, NULL, NULL),
(5805, 'PF139*0 ', '61924881049', 'ALOHA BEACH BAG V ', '0.000', 1, 19.000, '2025-03-02 02:15:02', 122.306, 0.000, 99.068, 153.258, 128.788, NULL, NULL, NULL, NULL),
(5806, 'PF118*0 ', '61924881043', 'SAC ALOHA PINK V ', '0.000', 1, 19.000, '2025-03-02 02:15:02', 106.152, 0.000, 85.983, 133.016, 111.778, NULL, NULL, NULL, NULL),
(5807, 'PF128*0 ', '61924881048', 'COFFRET INODERMA A DROP OF MAGIC V ', '0.000', 1, 19.000, '2025-03-02 02:15:02', 80.768, 0.000, 65.422, 101.208, 85.0486, NULL, NULL, NULL, NULL),
(5808, 'FR01*0', '6192306700266', 'FRESHCO COFFRET MISK (ECLAMISK+INTIMISK)', NULL, 1, 0.000, '2025-03-02 02:15:02', 40.204, 0.000, 32.565, 50.378, 42.3345, '', NULL, NULL, NULL),
(5809, '0000738810000*0  ', '80586641295', 'CHICCO CHAUFFE BIBRON MAISON ', '0.000', 1, 19.000, '2025-03-02 02:15:02', 169.369, 0.000, 137.189, 212.231, 178.346, NULL, NULL, NULL, NULL),
(5810, 'COFF006-0 ', '741085264', 'CHICCO TROUSSE ALLAITEMENT 7 ARTICLES ', '0.000', 1, 19.000, '2025-03-02 02:15:02', 113.472, 0.000, 91.912, 142.188, 119.486, NULL, NULL, NULL, NULL),
(5811, 'COFF003-0 ', '456456654', 'CHICCO COFFRET BIBERON WELL BEING ROSE ', '0.000', 1, 19.000, '2025-03-02 02:15:02', 98.152, 0.000, 79.503, 122.991, 103.354, NULL, NULL, NULL, NULL),
(5812, 'COFF004-0 ', '4556478451', 'CHICCO SAC DE MATERNITE FILLE 13 ARTICLE ', '0.000', 1, 19.000, '2025-03-02 02:15:02', 182.373, 0.000, 147.722, 228.526, 192.039, NULL, NULL, NULL, NULL),
(5813, 'PP300663*0 ', '', 'BIOMOUSSE LINGETTES INTIMES X20 ', '0.000', 6, 19.000, '2025-03-02 02:15:02', 47.809, 0.000, 6.454, 9.984, 8.3902, NULL, NULL, NULL, NULL),
(5814, 'MEGA15*0 ', '61924199012', 'MEGAPLAST 15 STRIPS ', '0.000', 7, 19.000, '2025-03-02 02:15:02', 10.354, 0.000, 1.198, 1.853, 1.5574, NULL, NULL, NULL, NULL),
(5815, '451*0', '8033331430316', 'PENTA BRUNEX CREME 30ML', NULL, 1, 0.000, '2025-03-02 02:15:02', 52.36, 0.000, 42.412, 65.611, 55.1356, '', NULL, NULL, NULL),
(5816, '450*0', '8033331430040', 'PENTA BRUNEX URTO CREME 30 ML', NULL, 1, 0.000, '2025-03-02 02:15:02', 62.832, 0.000, 50.894, 78.733, 66.1622, '', NULL, NULL, NULL),
(5817, '458*0', '8033331430187', 'NONAK MOUSSE NETTOYANTE 100ML', NULL, 1, 0.000, '2025-03-02 02:15:02', 23.8, 0.000, 19.278, 29.823, 25.0614, '', NULL, NULL, NULL),
(5818, '700532*0', '6192306700532', 'FRESHCO POUDRE DEPILATOIRE 100GR', NULL, 7, 0.000, '2025-03-02 02:15:02', 195.363, 0.000, 22.606, 34.971, 29.3878, '', NULL, NULL, NULL),
(5819, 'P-00001*6', '8411732106915', 'PIERROT B.B TATAL CARE 500ML', NULL, 1, 0.000, '2025-03-02 02:15:02', 15.532, 0.000, 12.581, 19.463, 16.3553, '', NULL, NULL, NULL),
(5820, 'P-00002*6', '8411732156101', 'PIERROT B.B ANTI PLAQUE 500ML', NULL, 1, 0.000, '2025-03-02 02:15:03', 15.532, 0.000, 12.581, 19.463, 16.3553, '', NULL, NULL, NULL),
(5821, 'P-00003*6 ', '84117321072', 'PIERROT B.B SENSITIVE 500ML ', '0.000', 1, 19.000, '2025-03-02 02:15:03', 15.532, 0.000, 12.581, 19.463, 16.3553, NULL, NULL, NULL, NULL),
(5822, 'PF-00004*0', '6192326300156', 'LIPOSOMAG', NULL, 3, 0.000, '2025-03-02 02:15:03', 55.274, 0.000, 14.924, 23.087, 19.4012, '', NULL, NULL, NULL),
(5823, 'DH46641*0', '4009932414660', 'AKTIV DIABEVIT', NULL, 1, 0.000, '2025-03-02 02:15:03', 28.025, 0.000, 22.700, 35.117, 29.51, '', NULL, NULL, NULL),
(5824, 'DH74541*0', '4009932417456', 'AKTIV PROSTACALM', NULL, 1, 0.000, '2025-03-02 02:15:03', 33.935, 0.000, 27.487, 42.522, 35.7331, '', NULL, NULL, NULL),
(5825, 'DH71341*0', '4009932417197', 'AKTIV SELENIUM', NULL, 1, 0.000, '2025-03-02 02:15:03', 28.189, 0.000, 22.833, 35.323, 29.6829, '', NULL, NULL, NULL),
(5826, 'DH58441*0', '4009932415841', 'AKTIV VITAL YEUX', NULL, 1, 0.000, '2025-03-02 02:15:03', 26.587, 0.000, 21.535, 33.315, 27.9955, '', NULL, NULL, NULL),
(5827, 'PF-00028*0', '6192326300163', 'OLER BALLONIEMENT ET GAZ 125ML', NULL, 2, 0.000, '2025-03-02 02:15:03', 29.27, 0.000, 11.854, 18.338, 15.4102, '', NULL, NULL, NULL),
(5828, 'PF-00023*0 ', '61923263002', 'OLER TOUX SECHE ', '0.000', 2, 19.000, '2025-03-02 02:15:03', 19.547, 0.000, 7.917, 12.248, 10.2921, NULL, NULL, NULL, NULL),
(5829, 'PF-00021*0 ', '61923263002', 'OLER TOUX MIXTE ', '0.000', 2, 19.000, '2025-03-02 02:15:03', 19.547, 0.000, 7.917, 12.248, 10.2921, NULL, NULL, NULL, NULL),
(5830, 'PF-00029*0', '6192326300248', 'OLER RHUME ET GRIPPE', NULL, 2, 0.000, '2025-03-02 02:15:03', 19.547, 0.000, 7.917, 12.248, 10.2921, '', NULL, NULL, NULL),
(5831, 'LORDET029*5 ', '61923115005', 'L\'ORAMEL SERUM CAPILLAIRE CHEVEUX SECS ET ABIMES 50ML HYDRA BOOST ', '0.000', 2, 19.000, '2025-03-02 02:15:03', 47.41, 0.000, 19.201, 29.704, 24.9613, NULL, NULL, NULL, NULL),
(5832, 'LORDET028*5 ', '61923115005', 'L\'ORAMEL SERUM CAPILLAIRE CHEVEUX BOUCLES 50ML COULEUR SUBLIME ', '0.000', 2, 19.000, '2025-03-02 02:15:03', 47.41, 0.000, 19.201, 29.704, 24.9613, NULL, NULL, NULL, NULL),
(5833, 'LORDET027*5', '61923115005', 'L\'ORAMEL SERUM CAPILLAIRE CHEVEUX BOUCLES 50 ML \'boucles splendides\'', '0.000', 2, 19.000, '2025-03-02 02:15:03', 47.41, 0.000, 19.201, 29.704, 24.9613, NULL, NULL, NULL, NULL),
(5834, 'LORDET032-5', '6192311500608', 'L\'ORAMEL CREME LEAVE-IN CHEVEUX BOUCLES 150ML BOUCLES SPLENDIDES', NULL, 1, 0.000, '2025-03-02 02:15:03', 19.555, 0.000, 15.840, 24.504, 20.592, '', NULL, NULL, NULL),
(5835, '512102-5', '6195712512102', 'SHAMPOOING FLOWHAIR ANTIPELLICULAIRE 250ML', NULL, 15, 0.000, '2025-03-02 02:15:03', 16.638, 0.000, 16.037, 24.809, 20.8481, '', NULL, NULL, NULL),
(5836, 'FLOW_SHAM-5', '6195712515202', 'FLOWHAIR SHAMPOING 250ML', NULL, 10, 0.000, '2025-03-02 02:15:03', 15.57, 0.000, 15.008, 23.217, 19.5104, '', NULL, NULL, NULL),
(5837, 'FLOW_HAIRMILK*5', '6195712513223', 'FLOWHAIR HAIRMILK 200ML', NULL, 10, 0.000, '2025-03-02 02:15:03', 17.251, 0.000, 16.628, 25.724, 21.6164, '', NULL, NULL, NULL),
(5838, '61957125222407*5', '6195712522207', 'FLOWHAIR HAIR LOTION ANITIPELLICULAIRE 150ML', NULL, 10, 0.000, '2025-03-02 02:15:03', 16.75, 0.000, 17.037, 26.356, 22.1481, '', NULL, NULL, NULL),
(5839, 'FLOW COND*5', '6195712511204', 'FLOWHAIR CONDITIONER APRES SHAMPOING 200ML', NULL, 5, 0.000, '2025-03-02 02:15:03', 16.423, 0.000, 15.830, 24.489, 20.579, '', NULL, NULL, NULL),
(5840, 'LORDET023*5', '6192311500400', 'L\'ORAMEL SHAMP CHEVEUX SECS ET ABIMES 300ML', NULL, 4, 0.000, '2025-03-02 02:15:03', 22.069, 0.000, 21.272, 32.908, 27.6536, '', NULL, NULL, NULL),
(5841, 'LORDET025*5', '6192311500448', 'L\'ORAMEL SHAMP CAMELLIA CHEVEUX GRAS 300ML', NULL, 2, 0.000, '2025-03-02 02:15:03', 20.559, 0.000, 19.817, 30.657, 25.7621, '', NULL, NULL, NULL),
(5842, 'LORDET021*5', '6192311500349', 'L\'ORAMEL SHAMP ANTI-PELLICULAIRE 300ML', NULL, 2, 0.000, '2025-03-02 02:15:03', 20.959, 0.000, 19.817, 30.657, 25.7621, '', NULL, NULL, NULL),
(5843, 'LORDET018*5', '6192311500431', 'L\'ORAMEL APRES SHAMP CHEVEUX BOUCLES 300ML', NULL, 2, 0.000, '2025-03-02 02:15:03', 23.23, 0.000, 22.391, 34.639, 29.1083, '', NULL, NULL, NULL),
(5844, 'LORDET026*5', '6192311500455', 'L\'ORAMEL APRES SHAMP CAMELLIA CHEVEUX GRAS 300ML', NULL, 2, 0.000, '2025-03-02 02:15:03', 21.836, 0.000, 21.048, 32.561, 27.3624, '', NULL, NULL, NULL),
(5845, 'LORDET019*5', '6192311500462', 'L\'ORAMEL SHAMP CHEVEUX COLORES 300ML', NULL, 2, 0.000, '2025-03-02 02:15:03', 20.326, 0.000, 19.592, 30.309, 25.4696, '', NULL, NULL, NULL),
(5846, 'LORDET020*5', '6192311500479', 'L\'ORAMEL APRES SHAMP CHEVEUX COLORES 300ML', NULL, 2, 0.000, '2025-03-02 02:15:03', 21.488, 0.000, 20.712, 32.041, 26.9256, '', NULL, NULL, NULL),
(5847, 'LORDET024*5', '6192311500417', 'L\'ORAMEL APRES SHAMP CHEVEUX SECS ET ABIMES 300ML', NULL, 4, 0.000, '2025-03-02 02:15:03', 23.23, 0.000, 22.391, 34.639, 29.1083, '', NULL, NULL, NULL),
(5848, 'LORDET022*5', '6192311500394', 'L\'ORAMEL APRES SHAMP ANTI-PELLICULAIRE 300ML', NULL, 2, 0.000, '2025-03-02 02:15:03', 21.836, 0.000, 21.048, 32.561, 27.3624, '', NULL, NULL, NULL),
(5849, 'LORDET017*5', '6192311500424', 'L\'ORAMEL SHAMP CHEVEUX BOUCLES 300ML', NULL, 2, 0.000, '2025-03-02 02:15:03', 22.069, 0.000, 21.272, 32.908, 27.6536, '', NULL, NULL, NULL),
(5851, '213234', 'f123456', 'ADDZ', '0', 2, 19.000, '2025-03-02 04:07:41', 150, 10.000, 165.000, 196.350, 0, '', NULL, '', ''),
(5853, 'DAY50SPF', '7612076396746', 'DAYLONG KIDS LAIT SOLAIRE SPF50+ 150ML', '0', 2, 19.000, '2025-03-02 12:41:00', 66, 30.000, 85.800, 117.000, 0, 'DAHLIA', NULL, 'Visage', 'Soins apaisants');

--
-- Index pour les tables déchargées
--

--
-- Index pour la table `bons_commande`
--
ALTER TABLE `bons_commande`
  ADD PRIMARY KEY (`id`),
  ADD KEY `fournisseur_id` (`fournisseur_id`);

--
-- Index pour la table `bons_commande_details`
--
ALTER TABLE `bons_commande_details`
  ADD PRIMARY KEY (`id`),
  ADD KEY `bon_commande_id` (`bon_commande_id`);

--
-- Index pour la table `bons_livraison`
--
ALTER TABLE `bons_livraison`
  ADD PRIMARY KEY (`id`),
  ADD KEY `client_id` (`client_id`);

--
-- Index pour la table `bons_livraison_details`
--
ALTER TABLE `bons_livraison_details`
  ADD PRIMARY KEY (`id`),
  ADD KEY `bon_livraison_id` (`bon_livraison_id`);

--
-- Index pour la table `clients`
--
ALTER TABLE `clients`
  ADD PRIMARY KEY (`id`),
  ADD UNIQUE KEY `email` (`email`);

--
-- Index pour la table `devis`
--
ALTER TABLE `devis`
  ADD PRIMARY KEY (`id`),
  ADD KEY `client_id` (`client_id`);

--
-- Index pour la table `devis_details`
--
ALTER TABLE `devis_details`
  ADD PRIMARY KEY (`id`),
  ADD KEY `devis_id` (`devis_id`);

--
-- Index pour la table `factures`
--
ALTER TABLE `factures`
  ADD PRIMARY KEY (`id`),
  ADD KEY `client_id` (`client_id`);

--
-- Index pour la table `facture_details`
--
ALTER TABLE `facture_details`
  ADD PRIMARY KEY (`id`),
  ADD KEY `facture_id` (`facture_id`);

--
-- Index pour la table `produits`
--
ALTER TABLE `produits`
  ADD PRIMARY KEY (`id`);

--
-- AUTO_INCREMENT pour les tables déchargées
--

--
-- AUTO_INCREMENT pour la table `bons_commande`
--
ALTER TABLE `bons_commande`
  MODIFY `id` int(11) NOT NULL AUTO_INCREMENT, AUTO_INCREMENT=12;

--
-- AUTO_INCREMENT pour la table `bons_commande_details`
--
ALTER TABLE `bons_commande_details`
  MODIFY `id` int(11) NOT NULL AUTO_INCREMENT, AUTO_INCREMENT=6;

--
-- AUTO_INCREMENT pour la table `bons_livraison`
--
ALTER TABLE `bons_livraison`
  MODIFY `id` int(11) NOT NULL AUTO_INCREMENT, AUTO_INCREMENT=8;

--
-- AUTO_INCREMENT pour la table `bons_livraison_details`
--
ALTER TABLE `bons_livraison_details`
  MODIFY `id` int(11) NOT NULL AUTO_INCREMENT, AUTO_INCREMENT=2;

--
-- AUTO_INCREMENT pour la table `clients`
--
ALTER TABLE `clients`
  MODIFY `id` int(11) NOT NULL AUTO_INCREMENT, AUTO_INCREMENT=3;

--
-- AUTO_INCREMENT pour la table `devis`
--
ALTER TABLE `devis`
  MODIFY `id` int(11) NOT NULL AUTO_INCREMENT, AUTO_INCREMENT=12;

--
-- AUTO_INCREMENT pour la table `devis_details`
--
ALTER TABLE `devis_details`
  MODIFY `id` int(11) NOT NULL AUTO_INCREMENT, AUTO_INCREMENT=7;

--
-- AUTO_INCREMENT pour la table `factures`
--
ALTER TABLE `factures`
  MODIFY `id` int(11) NOT NULL AUTO_INCREMENT, AUTO_INCREMENT=73;

--
-- AUTO_INCREMENT pour la table `facture_details`
--
ALTER TABLE `facture_details`
  MODIFY `id` int(11) NOT NULL AUTO_INCREMENT, AUTO_INCREMENT=73;

--
-- AUTO_INCREMENT pour la table `produits`
--
ALTER TABLE `produits`
  MODIFY `id` int(11) NOT NULL AUTO_INCREMENT, AUTO_INCREMENT=5854;

--
-- Contraintes pour les tables déchargées
--

--
-- Contraintes pour la table `bons_commande`
--
ALTER TABLE `bons_commande`
  ADD CONSTRAINT `bons_commande_ibfk_1` FOREIGN KEY (`fournisseur_id`) REFERENCES `clients` (`id`) ON DELETE CASCADE;

--
-- Contraintes pour la table `bons_commande_details`
--
ALTER TABLE `bons_commande_details`
  ADD CONSTRAINT `bons_commande_details_ibfk_1` FOREIGN KEY (`bon_commande_id`) REFERENCES `bons_commande` (`id`) ON DELETE CASCADE;

--
-- Contraintes pour la table `bons_livraison`
--
ALTER TABLE `bons_livraison`
  ADD CONSTRAINT `bons_livraison_ibfk_1` FOREIGN KEY (`client_id`) REFERENCES `clients` (`id`) ON DELETE CASCADE;

--
-- Contraintes pour la table `bons_livraison_details`
--
ALTER TABLE `bons_livraison_details`
  ADD CONSTRAINT `bons_livraison_details_ibfk_1` FOREIGN KEY (`bon_livraison_id`) REFERENCES `bons_livraison` (`id`) ON DELETE CASCADE;

--
-- Contraintes pour la table `devis`
--
ALTER TABLE `devis`
  ADD CONSTRAINT `devis_ibfk_1` FOREIGN KEY (`client_id`) REFERENCES `clients` (`id`) ON DELETE CASCADE;

--
-- Contraintes pour la table `devis_details`
--
ALTER TABLE `devis_details`
  ADD CONSTRAINT `devis_details_ibfk_1` FOREIGN KEY (`devis_id`) REFERENCES `devis` (`id`) ON DELETE CASCADE;

--
-- Contraintes pour la table `factures`
--
ALTER TABLE `factures`
  ADD CONSTRAINT `factures_ibfk_1` FOREIGN KEY (`client_id`) REFERENCES `clients` (`id`) ON DELETE CASCADE;

--
-- Contraintes pour la table `facture_details`
--
ALTER TABLE `facture_details`
  ADD CONSTRAINT `facture_details_ibfk_1` FOREIGN KEY (`facture_id`) REFERENCES `factures` (`id`) ON DELETE CASCADE;
COMMIT;

/*!40101 SET CHARACTER_SET_CLIENT=@OLD_CHARACTER_SET_CLIENT */;
/*!40101 SET CHARACTER_SET_RESULTS=@OLD_CHARACTER_SET_RESULTS */;
/*!40101 SET COLLATION_CONNECTION=@OLD_COLLATION_CONNECTION */;
